,Date,Temp
1,1/1/1981,20.7
2,1/2/1981,17.9
3,1/3/1981,18.8
4,1/4/1981,14.6
5,1/5/1981,15.8
6,1/6/1981,15.8
7,1/7/1981,15.8
8,1/8/1981,17.4
9,1/9/1981,21.8
10,1/10/1981,20
11,1/11/1981,16.2
12,1/12/1981,13.3
13,1/13/1981,16.7
14,1/14/1981,21.5
15,1/15/1981,25
16,1/16/1981,20.7
17,1/17/1981,20.6
18,1/18/1981,24.8
19,1/19/1981,17.7
20,1/20/1981,15.5
21,1/21/1981,18.2
22,1/22/1981,12.1
23,1/23/1981,14.4
24,1/24/1981,16
25,1/25/1981,16.5
26,1/26/1981,18.7
27,1/27/1981,19.4
28,1/28/1981,17.2
29,1/29/1981,15.5
30,1/30/1981,15.1
31,1/31/1981,15.4
32,2/1/1981,15.3
33,2/2/1981,18.8
34,2/3/1981,21.9
35,2/4/1981,19.9
36,2/5/1981,16.6
37,2/6/1981,16.8
38,2/7/1981,14.6
39,2/8/1981,17.1
40,2/9/1981,25
41,2/10/1981,15
42,2/11/1981,13.7
43,2/12/1981,13.9
44,2/13/1981,18.3
45,2/14/1981,22
46,2/15/1981,22.1
47,2/16/1981,21.2
48,2/17/1981,18.4
49,2/18/1981,16.6
50,2/19/1981,16.1
51,2/20/1981,15.7
52,2/21/1981,16.6
53,2/22/1981,16.5
54,2/23/1981,14.4
55,2/24/1981,14.4
56,2/25/1981,18.5
57,2/26/1981,16.9
58,2/27/1981,17.5
59,2/28/1981,21.2
60,3/1/1981,17.8
61,3/2/1981,18.6
62,3/3/1981,17
63,3/4/1981,16
64,3/5/1981,13.3
65,3/6/1981,14.3
66,3/7/1981,11.4
67,3/8/1981,16.3
68,3/9/1981,16.1
69,3/10/1981,11.8
70,3/11/1981,12.2
71,3/12/1981,14.7
72,3/13/1981,11.8
73,3/14/1981,11.3
74,3/15/1981,10.6
75,3/16/1981,11.7
76,3/17/1981,14.2
77,3/18/1981,11.2
78,3/19/1981,16.9
79,3/20/1981,16.7
80,3/21/1981,8.1
81,3/22/1981,8
82,3/23/1981,8.8
83,3/24/1981,13.4
84,3/25/1981,10.9
85,3/26/1981,13.4
86,3/27/1981,11
87,3/28/1981,15
88,3/29/1981,15.7
89,3/30/1981,14.5
90,3/31/1981,15.8
91,4/1/1981,16.7
92,4/2/1981,16.8
93,4/3/1981,17.5
94,4/4/1981,17.1
95,4/5/1981,18.1
96,4/6/1981,16.6
97,4/7/1981,10
98,4/8/1981,14.9
99,4/9/1981,15.9
100,4/10/1981,13
101,4/11/1981,7.6
102,4/12/1981,11.5
103,4/13/1981,13.5
104,4/14/1981,13
105,4/15/1981,13.3
106,4/16/1981,12.1
107,4/17/1981,12.4
108,4/18/1981,13.2
109,4/19/1981,13.8
110,4/20/1981,10.6
111,4/21/1981,9
112,4/22/1981,10
113,4/23/1981,9.8
114,4/24/1981,11.5
115,4/25/1981,8.9
116,4/26/1981,7.4
117,4/27/1981,9.9
118,4/28/1981,9.3
119,4/29/1981,9.9
120,4/30/1981,7.4
121,5/1/1981,8.6
122,5/2/1981,11.9
123,5/3/1981,14
124,5/4/1981,8.6
125,5/5/1981,10
126,5/6/1981,13.5
127,5/7/1981,12
128,5/8/1981,10.5
129,5/9/1981,10.7
130,5/10/1981,8.1
131,5/11/1981,10.1
132,5/12/1981,10.6
133,5/13/1981,5.3
134,5/14/1981,6.6
135,5/15/1981,8.5
136,5/16/1981,11.2
137,5/17/1981,9.8
138,5/18/1981,5.9
139,5/19/1981,3.2
140,5/20/1981,2.1
141,5/21/1981,3.4
142,5/22/1981,5.4
143,5/23/1981,9.6
144,5/24/1981,11.5
145,5/25/1981,12.3
146,5/26/1981,12.6
147,5/27/1981,11
148,5/28/1981,11.2
149,5/29/1981,11.4
150,5/30/1981,11.8
151,5/31/1981,12.8
152,6/1/1981,11.6
153,6/2/1981,10.6
154,6/3/1981,9.8
155,6/4/1981,11.2
156,6/5/1981,5.7
157,6/6/1981,7.1
158,6/7/1981,2.5
159,6/8/1981,3.5
160,6/9/1981,4.6
161,6/10/1981,11
162,6/11/1981,5.7
163,6/12/1981,7.7
164,6/13/1981,10.4
165,6/14/1981,11.4
166,6/15/1981,9.2
167,6/16/1981,6.1
168,6/17/1981,2.7
169,6/18/1981,4.3
170,6/19/1981,6.3
171,6/20/1981,3.8
172,6/21/1981,4.4
173,6/22/1981,7.1
174,6/23/1981,4.8
175,6/24/1981,5.8
176,6/25/1981,6.2
177,6/26/1981,7.3
178,6/27/1981,9.2
179,6/28/1981,10.2
180,6/29/1981,9.5
181,6/30/1981,9.5
182,7/1/1981,10.7
183,7/2/1981,10
184,7/3/1981,6.5
185,7/4/1981,7
186,7/5/1981,7.4
187,7/6/1981,8.1
188,7/7/1981,6.6
189,7/8/1981,8.3
190,7/9/1981,8.9
191,7/10/1981,4.6
192,7/11/1981,6.8
193,7/12/1981,5.7
194,7/13/1981,6.1
195,7/14/1981,7
196,7/15/1981,7.2
197,7/16/1981,6.3
198,7/17/1981,8.8
199,7/18/1981,5
200,7/19/1981,7.4
201,7/20/1981,10.1
202,7/21/1981,12
203,7/22/1981,9
204,7/23/1981,8.9
205,7/24/1981,9.8
206,7/25/1981,9
207,7/26/1981,9.2
208,7/27/1981,7.7
209,7/28/1981,8
210,7/29/1981,6.1
211,7/30/1981,3.5
212,7/31/1981,3.2
213,8/1/1981,5.7
214,8/2/1981,7.7
215,8/3/1981,9
216,8/4/1981,10
217,8/5/1981,6.2
218,8/6/1981,6.9
219,8/7/1981,6.5
220,8/8/1981,6.8
221,8/9/1981,7
222,8/10/1981,5.2
223,8/11/1981,3
224,8/12/1981,5.6
225,8/13/1981,7.9
226,8/14/1981,9
227,8/15/1981,8.6
228,8/16/1981,10.3
229,8/17/1981,10.5
230,8/18/1981,7.6
231,8/19/1981,9.7
232,8/20/1981,12.5
233,8/21/1981,7.4
234,8/22/1981,7.9
235,8/23/1981,3.9
236,8/24/1981,6.6
237,8/25/1981,4.6
238,8/26/1981,7
239,8/27/1981,6
240,8/28/1981,5.5
241,8/29/1981,8.1
242,8/30/1981,5.5
243,8/31/1981,6.2
244,9/1/1981,8
245,9/2/1981,10.3
246,9/3/1981,9.8
247,9/4/1981,9.6
248,9/5/1981,8.5
249,9/6/1981,7.5
250,9/7/1981,11.2
251,9/8/1981,14.6
252,9/9/1981,11.7
253,9/10/1981,7.8
254,9/11/1981,12.3
255,9/12/1981,10.1
256,9/13/1981,11.5
257,9/14/1981,7.3
258,9/15/1981,10.9
259,9/16/1981,14.1
260,9/17/1981,10.7
261,9/18/1981,16.9
262,9/19/1981,10.5
263,9/20/1981,6.5
264,9/21/1981,11
265,9/22/1981,6.3
266,9/23/1981,10.5
267,9/24/1981,7.2
268,9/25/1981,7.6
269,9/26/1981,10.7
270,9/27/1981,7.8
271,9/28/1981,9.6
272,9/29/1981,11.4
273,9/30/1981,12.4
274,10/1/1981,8.9
275,10/2/1981,13.2
276,10/3/1981,8.6
277,10/4/1981,6.2
278,10/5/1981,11.4
279,10/6/1981,13.2
280,10/7/1981,14.3
281,10/8/1981,7.3
282,10/9/1981,12.9
283,10/10/1981,7.8
284,10/11/1981,6.2
285,10/12/1981,5.6
286,10/13/1981,10
287,10/14/1981,13.3
288,10/15/1981,8.3
289,10/16/1981,10.2
290,10/17/1981,8.6
291,10/18/1981,7.3
292,10/19/1981,10.4
293,10/20/1981,11.2
294,10/21/1981,13.2
295,10/22/1981,11.4
296,10/23/1981,9.1
297,10/24/1981,6.6
298,10/25/1981,8.4
299,10/26/1981,9.7
300,10/27/1981,13.2
301,10/28/1981,12.5
302,10/29/1981,11
303,10/30/1981,11
304,10/31/1981,11.7
305,11/1/1981,9.2
306,11/2/1981,11.5
307,11/3/1981,13.6
308,11/4/1981,13.7
309,11/5/1981,10.4
310,11/6/1981,11.5
311,11/7/1981,7.6
312,11/8/1981,9.6
313,11/9/1981,14.2
314,11/10/1981,15.7
315,11/11/1981,10.5
316,11/12/1981,10.5
317,11/13/1981,9.7
318,11/14/1981,9.5
319,11/15/1981,11.3
320,11/16/1981,8.9
321,11/17/1981,9.4
322,11/18/1981,11.9
323,11/19/1981,11.7
324,11/20/1981,13.4
325,11/21/1981,12.6
326,11/22/1981,10.1
327,11/23/1981,15.8
328,11/24/1981,13.6
329,11/25/1981,11.9
330,11/26/1981,9.9
331,11/27/1981,12.6
332,11/28/1981,17.8
333,11/29/1981,15
334,11/30/1981,13.6
335,12/1/1981,13.4
336,12/2/1981,10.5
337,12/3/1981,14.2
338,12/4/1981,11.5
339,12/5/1981,13
340,12/6/1981,15
341,12/7/1981,14.7
342,12/8/1981,12.6
343,12/9/1981,12.5
344,12/10/1981,13.5
345,12/11/1981,14.8
346,12/12/1981,17.2
347,12/13/1981,9.7
348,12/14/1981,12.1
349,12/15/1981,12.8
350,12/16/1981,11.2
351,12/17/1981,16.4
352,12/18/1981,15.6
353,12/19/1981,13.3
354,12/20/1981,11
355,12/21/1981,11.1
356,12/22/1981,15
357,12/23/1981,12.8
358,12/24/1981,15
359,12/25/1981,14.2
360,12/26/1981,14
361,12/27/1981,15.5
362,12/28/1981,13.3
363,12/29/1981,15.6
364,12/30/1981,15.2
365,12/31/1981,17.4
366,1/1/1982,17
367,1/2/1982,15
368,1/3/1982,13.5
369,1/4/1982,15.2
370,1/5/1982,13
371,1/6/1982,12.5
372,1/7/1982,14.1
373,1/8/1982,14.8
374,1/9/1982,16.2
375,1/10/1982,15.8
376,1/11/1982,19.1
377,1/12/1982,22.2
378,1/13/1982,15.9
379,1/14/1982,13
380,1/15/1982,14.1
381,1/16/1982,15.8
382,1/17/1982,24
383,1/18/1982,18
384,1/19/1982,19.7
385,1/20/1982,25.2
386,1/21/1982,20.5
387,1/22/1982,19.3
388,1/23/1982,15.8
389,1/24/1982,17
390,1/25/1982,18.4
391,1/26/1982,13.3
392,1/27/1982,14.6
393,1/28/1982,12.5
394,1/29/1982,17
395,1/30/1982,17.1
396,1/31/1982,14
397,2/1/1982,14.6
398,2/2/1982,13.3
399,2/3/1982,14.8
400,2/4/1982,15.1
401,2/5/1982,13.1
402,2/6/1982,13.6
403,2/7/1982,19.5
404,2/8/1982,22.7
405,2/9/1982,17.2
406,2/10/1982,13.5
407,2/11/1982,15.4
408,2/12/1982,17
409,2/13/1982,19.2
410,2/14/1982,22.8
411,2/15/1982,26.3
412,2/16/1982,18.2
413,2/17/1982,17
414,2/18/1982,14.8
415,2/19/1982,12.8
416,2/20/1982,15.5
417,2/21/1982,15.6
418,2/22/1982,13.1
419,2/23/1982,15.2
420,2/24/1982,14.1
421,2/25/1982,12.5
422,2/26/1982,14.6
423,2/27/1982,10.4
424,2/28/1982,13.9
425,3/1/1982,11.9
426,3/2/1982,13.5
427,3/3/1982,9.8
428,3/4/1982,14
429,3/5/1982,21.5
430,3/6/1982,19.5
431,3/7/1982,16.7
432,3/8/1982,19.1
433,3/9/1982,11
434,3/10/1982,9
435,3/11/1982,10
436,3/12/1982,14.6
437,3/13/1982,12.5
438,3/14/1982,17.2
439,3/15/1982,19.2
440,3/16/1982,22.2
441,3/17/1982,15.7
442,3/18/1982,14.2
443,3/19/1982,9.8
444,3/20/1982,14
445,3/21/1982,17.5
446,3/22/1982,20.7
447,3/23/1982,15.6
448,3/24/1982,13.2
449,3/25/1982,14.5
450,3/26/1982,16.8
451,3/27/1982,17.2
452,3/28/1982,13.4
453,3/29/1982,14.2
454,3/30/1982,14.3
455,3/31/1982,10.2
456,4/1/1982,10.4
457,4/2/1982,12.3
458,4/3/1982,11.9
459,4/4/1982,11.2
460,4/5/1982,8.5
461,4/6/1982,12
462,4/7/1982,12.4
463,4/8/1982,12.9
464,4/9/1982,10.1
465,4/10/1982,15
466,4/11/1982,13.6
467,4/12/1982,12.4
468,4/13/1982,13.6
469,4/14/1982,16.1
470,4/15/1982,19.5
471,4/16/1982,14.2
472,4/17/1982,9.3
473,4/18/1982,10.1
474,4/19/1982,7.4
475,4/20/1982,8.6
476,4/21/1982,7.8
477,4/22/1982,9.1
478,4/23/1982,13
479,4/24/1982,16.5
480,4/25/1982,12.9
481,4/26/1982,6.9
482,4/27/1982,6.9
483,4/28/1982,8.7
484,4/29/1982,10
485,4/30/1982,10.8
486,5/1/1982,7.5
487,5/2/1982,6.3
488,5/3/1982,11.9
489,5/4/1982,13.8
490,5/5/1982,11.8
491,5/6/1982,11
492,5/7/1982,10.1
493,5/8/1982,8.5
494,5/9/1982,5.5
495,5/10/1982,7.6
496,5/11/1982,8.7
497,5/12/1982,10.8
498,5/13/1982,11.2
499,5/14/1982,9.1
500,5/15/1982,3.7
501,5/16/1982,4.6
502,5/17/1982,6.6
503,5/18/1982,13.2
504,5/19/1982,15.2
505,5/20/1982,7.6
506,5/21/1982,8.4
507,5/22/1982,6
508,5/23/1982,8.3
509,5/24/1982,8.6
510,5/25/1982,11.1
511,5/26/1982,12.1
512,5/27/1982,12.9
513,5/28/1982,14
514,5/29/1982,12.5
515,5/30/1982,11.5
516,5/31/1982,7
517,6/1/1982,7.1
518,6/2/1982,9
519,6/3/1982,3.1
520,6/4/1982,2.5
521,6/5/1982,0
522,6/6/1982,1.6
523,6/7/1982,2.6
524,6/8/1982,5.7
525,6/9/1982,2.3
526,6/10/1982,4.5
527,6/11/1982,8.2
528,6/12/1982,6.9
529,6/13/1982,7.3
530,6/14/1982,6
531,6/15/1982,7.3
532,6/16/1982,7.6
533,6/17/1982,8
534,6/18/1982,8
535,6/19/1982,6.8
536,6/20/1982,7.3
537,6/21/1982,6.2
538,6/22/1982,6.9
539,6/23/1982,8.9
540,6/24/1982,4
541,6/25/1982,1.3
542,6/26/1982,0.8
543,6/27/1982,4.3
544,6/28/1982,7.3
545,6/29/1982,7.7
546,6/30/1982,9
547,7/1/1982,4.2
548,7/2/1982,1.6
549,7/3/1982,2.6
550,7/4/1982,3.4
551,7/5/1982,3.9
552,7/6/1982,7
553,7/7/1982,7.8
554,7/8/1982,5.3
555,7/9/1982,2.4
556,7/10/1982,2.8
557,7/11/1982,4
558,7/12/1982,7.5
559,7/13/1982,7.8
560,7/14/1982,5.6
561,7/15/1982,3.3
562,7/16/1982,5
563,7/17/1982,3.7
564,7/18/1982,3.9
565,7/19/1982,5.2
566,7/20/1982,?0.2
567,7/21/1982,?0.8
568,7/22/1982,0.9
569,7/23/1982,3.5
570,7/24/1982,6.6
571,7/25/1982,9.5
572,7/26/1982,9
573,7/27/1982,3.5
574,7/28/1982,4.5
575,7/29/1982,5.7
576,7/30/1982,5.6
577,7/31/1982,7.1
578,8/1/1982,9.7
579,8/2/1982,8.3
580,8/3/1982,9.1
581,8/4/1982,2.8
582,8/5/1982,2.2
583,8/6/1982,4.5
584,8/7/1982,3.8
585,8/8/1982,3.8
586,8/9/1982,6.2
587,8/10/1982,11.5
588,8/11/1982,10.2
589,8/12/1982,7.9
590,8/13/1982,9
591,8/14/1982,9.5
592,8/15/1982,6
593,8/16/1982,8.2
594,8/17/1982,9.2
595,8/18/1982,4.3
596,8/19/1982,6.6
597,8/20/1982,9.4
598,8/21/1982,13.2
599,8/22/1982,6.6
600,8/23/1982,5.1
601,8/24/1982,12.1
602,8/25/1982,11.2
603,8/26/1982,8.5
604,8/27/1982,4.6
605,8/28/1982,7
606,8/29/1982,14.2
607,8/30/1982,12.7
608,8/31/1982,7.6
609,9/1/1982,4
610,9/2/1982,10
611,9/3/1982,10.5
612,9/4/1982,5
613,9/5/1982,4.5
614,9/6/1982,8.2
615,9/7/1982,4.3
616,9/8/1982,9.8
617,9/9/1982,5.8
618,9/10/1982,5
619,9/11/1982,8.5
620,9/12/1982,9
621,9/13/1982,3.6
622,9/14/1982,6.7
623,9/15/1982,6.7
624,9/16/1982,10.1
625,9/17/1982,15
626,9/18/1982,8.9
627,9/19/1982,5.7
628,9/20/1982,4.2
629,9/21/1982,4
630,9/22/1982,5.3
631,9/23/1982,6.3
632,9/24/1982,8.5
633,9/25/1982,11.5
634,9/26/1982,7.7
635,9/27/1982,9.2
636,9/28/1982,7.8
637,9/29/1982,6.3
638,9/30/1982,6.3
639,10/1/1982,8.6
640,10/2/1982,6.1
641,10/3/1982,13.2
642,10/4/1982,9.9
643,10/5/1982,4.7
644,10/6/1982,5.8
645,10/7/1982,14.9
646,10/8/1982,10.7
647,10/9/1982,8.6
648,10/10/1982,9.4
649,10/11/1982,5.7
650,10/12/1982,10.9
651,10/13/1982,13.1
652,10/14/1982,10.4
653,10/15/1982,8.2
654,10/16/1982,9.8
655,10/17/1982,7.5
656,10/18/1982,5.8
657,10/19/1982,9.8
658,10/20/1982,7.9
659,10/21/1982,8.7
660,10/22/1982,10
661,10/23/1982,10.6
662,10/24/1982,8
663,10/25/1982,10.2
664,10/26/1982,15.1
665,10/27/1982,13.9
666,10/28/1982,9.2
667,10/29/1982,9
668,10/30/1982,13.2
669,10/31/1982,7
670,11/1/1982,10.6
671,11/2/1982,6.9
672,11/3/1982,9.5
673,11/4/1982,12.5
674,11/5/1982,13.6
675,11/6/1982,17.7
676,11/7/1982,16
677,11/8/1982,11.3
678,11/9/1982,10.5
679,11/10/1982,14.4
680,11/11/1982,10.3
681,11/12/1982,9
682,11/13/1982,11.1
683,11/14/1982,14.5
684,11/15/1982,18
685,11/16/1982,12.8
686,11/17/1982,10.7
687,11/18/1982,9.1
688,11/19/1982,8.7
689,11/20/1982,12.4
690,11/21/1982,12.6
691,11/22/1982,10.3
692,11/23/1982,13.7
693,11/24/1982,16
694,11/25/1982,15.8
695,11/26/1982,12.1
696,11/27/1982,12.5
697,11/28/1982,12.2
698,11/29/1982,13.7
699,11/30/1982,16.1
700,12/1/1982,15.5
701,12/2/1982,10.3
702,12/3/1982,10.5
703,12/4/1982,11
704,12/5/1982,11.9
705,12/6/1982,13
706,12/7/1982,12.2
707,12/8/1982,10.6
708,12/9/1982,13
709,12/10/1982,13
710,12/11/1982,12.2
711,12/12/1982,12.6
712,12/13/1982,18.7
713,12/14/1982,15.2
714,12/15/1982,15.3
715,12/16/1982,13.9
716,12/17/1982,15.8
717,12/18/1982,13
718,12/19/1982,13
719,12/20/1982,13.7
720,12/21/1982,12
721,12/22/1982,10.8
722,12/23/1982,15.6
723,12/24/1982,15.3
724,12/25/1982,13.9
725,12/26/1982,13
726,12/27/1982,15.3
727,12/28/1982,16.3
728,12/29/1982,15.8
729,12/30/1982,17.7
730,12/31/1982,16.3
731,1/1/1983,18.4
732,1/2/1983,15
733,1/3/1983,10.9
734,1/4/1983,11.4
735,1/5/1983,14.8
736,1/6/1983,12.1
737,1/7/1983,12.8
738,1/8/1983,16.2
739,1/9/1983,15.5
740,1/10/1983,13
741,1/11/1983,10.5
742,1/12/1983,9.1
743,1/13/1983,10.5
744,1/14/1983,11.8
745,1/15/1983,12.7
746,1/16/1983,12.7
747,1/17/1983,11.5
748,1/18/1983,13.8
749,1/19/1983,13.3
750,1/20/1983,11.6
751,1/21/1983,15.4
752,1/22/1983,12.4
753,1/23/1983,16.9
754,1/24/1983,14.7
755,1/25/1983,10.6
756,1/26/1983,15.6
757,1/27/1983,10.7
758,1/28/1983,12.6
759,1/29/1983,13.8
760,1/30/1983,14.3
761,1/31/1983,14
762,2/1/1983,18.1
763,2/2/1983,17.3
764,2/3/1983,13
765,2/4/1983,16
766,2/5/1983,14.9
767,2/6/1983,16.2
768,2/7/1983,20.3
769,2/8/1983,22.5
770,2/9/1983,17.2
771,2/10/1983,15.9
772,2/11/1983,16.8
773,2/12/1983,13.8
774,2/13/1983,12.8
775,2/14/1983,14
776,2/15/1983,17.5
777,2/16/1983,21.5
778,2/17/1983,16.8
779,2/18/1983,13.6
780,2/19/1983,14.5
781,2/20/1983,14.2
782,2/21/1983,15.7
783,2/22/1983,19.7
784,2/23/1983,17.4
785,2/24/1983,14.4
786,2/25/1983,16.9
787,2/26/1983,19.1
788,2/27/1983,20.4
789,2/28/1983,20.1
790,3/1/1983,19.9
791,3/2/1983,22
792,3/3/1983,20.5
793,3/4/1983,22.1
794,3/5/1983,20.6
795,3/6/1983,15
796,3/7/1983,20.6
797,3/8/1983,21.5
798,3/9/1983,16.2
799,3/10/1983,14.1
800,3/11/1983,14.5
801,3/12/1983,21.1
802,3/13/1983,15.9
803,3/14/1983,15.2
804,3/15/1983,13.1
805,3/16/1983,13.2
806,3/17/1983,12.5
807,3/18/1983,15.2
808,3/19/1983,17.6
809,3/20/1983,15.5
810,3/21/1983,16.7
811,3/22/1983,16.3
812,3/23/1983,15.1
813,3/24/1983,12.7
814,3/25/1983,10
815,3/26/1983,11.4
816,3/27/1983,12.6
817,3/28/1983,10.7
818,3/29/1983,10
819,3/30/1983,13.9
820,3/31/1983,13.4
821,4/1/1983,12.5
822,4/2/1983,12.8
823,4/3/1983,7.8
824,4/4/1983,11.1
825,4/5/1983,10.7
826,4/6/1983,7.1
827,4/7/1983,6.7
828,4/8/1983,5.7
829,4/9/1983,9.1
830,4/10/1983,15.2
831,4/11/1983,15.5
832,4/12/1983,11.1
833,4/13/1983,11.7
834,4/14/1983,11.5
835,4/15/1983,9.8
836,4/16/1983,6.2
837,4/17/1983,6.7
838,4/18/1983,7.5
839,4/19/1983,8.8
840,4/20/1983,8
841,4/21/1983,10.4
842,4/22/1983,14.5
843,4/23/1983,16.5
844,4/24/1983,14.1
845,4/25/1983,10.5
846,4/26/1983,12.6
847,4/27/1983,13
848,4/28/1983,8.7
849,4/29/1983,10.1
850,4/30/1983,12
851,5/1/1983,12.5
852,5/2/1983,13.5
853,5/3/1983,13.7
854,5/4/1983,13.5
855,5/5/1983,10.7
856,5/6/1983,13
857,5/7/1983,11.6
858,5/8/1983,13
859,5/9/1983,11.2
860,5/10/1983,13.5
861,5/11/1983,12.9
862,5/12/1983,6.8
863,5/13/1983,10
864,5/14/1983,14.5
865,5/15/1983,11.7
866,5/16/1983,6.7
867,5/17/1983,4.6
868,5/18/1983,4.9
869,5/19/1983,7.4
870,5/20/1983,8.3
871,5/21/1983,7.5
872,5/22/1983,6.2
873,5/23/1983,7.8
874,5/24/1983,13.2
875,5/25/1983,11.9
876,5/26/1983,6.5
877,5/27/1983,8.3
878,5/28/1983,12.1
879,5/29/1983,9.3
880,5/30/1983,7.5
881,5/31/1983,9.3
882,6/1/1983,11
883,6/2/1983,10.8
884,6/3/1983,5.3
885,6/4/1983,7.6
886,6/5/1983,5.6
887,6/6/1983,7.2
888,6/7/1983,9.6
889,6/8/1983,7
890,6/9/1983,8.3
891,6/10/1983,7.8
892,6/11/1983,4.7
893,6/12/1983,6.8
894,6/13/1983,7.2
895,6/14/1983,8.3
896,6/15/1983,9.5
897,6/16/1983,4.7
898,6/17/1983,3
899,6/18/1983,1.5
900,6/19/1983,2.5
901,6/20/1983,6.2
902,6/21/1983,11.6
903,6/22/1983,6.6
904,6/23/1983,6.6
905,6/24/1983,8
906,6/25/1983,7.9
907,6/26/1983,3.3
908,6/27/1983,3.9
909,6/28/1983,6
910,6/29/1983,4
911,6/30/1983,5.5
912,7/1/1983,8.5
913,7/2/1983,9.8
914,7/3/1983,9.5
915,7/4/1983,7.2
916,7/5/1983,8.1
917,7/6/1983,8
918,7/7/1983,8.5
919,7/8/1983,8.8
920,7/9/1983,8.3
921,7/10/1983,2.4
922,7/11/1983,4.9
923,7/12/1983,5.9
924,7/13/1983,6.7
925,7/14/1983,8.4
926,7/15/1983,6.5
927,7/16/1983,7.9
928,7/17/1983,4.1
929,7/18/1983,5.4
930,7/19/1983,7.5
931,7/20/1983,3.9
932,7/21/1983,2.5
933,7/22/1983,5.3
934,7/23/1983,6.6
935,7/24/1983,0
936,7/25/1983,0.7
937,7/26/1983,7.6
938,7/27/1983,12.3
939,7/28/1983,9.2
940,7/29/1983,9.6
941,7/30/1983,9.5
942,7/31/1983,10
943,8/1/1983,7.7
944,8/2/1983,8
945,8/3/1983,8.3
946,8/4/1983,8.3
947,8/5/1983,4.5
948,8/6/1983,6.5
949,8/7/1983,9.4
950,8/8/1983,9.4
951,8/9/1983,10.5
952,8/10/1983,10.7
953,8/11/1983,9.9
954,8/12/1983,7.6
955,8/13/1983,5.8
956,8/14/1983,8.5
957,8/15/1983,13.8
958,8/16/1983,14.3
959,8/17/1983,8.3
960,8/18/1983,5.3
961,8/19/1983,3
962,8/20/1983,5.2
963,8/21/1983,10.3
964,8/22/1983,11.1
965,8/23/1983,10.5
966,8/24/1983,9
967,8/25/1983,13
968,8/26/1983,6.4
969,8/27/1983,8.4
970,8/28/1983,6.7
971,8/29/1983,8.3
972,8/30/1983,11.2
973,8/31/1983,10
974,9/1/1983,10.1
975,9/2/1983,10.6
976,9/3/1983,10.9
977,9/4/1983,5.7
978,9/5/1983,9.5
979,9/6/1983,10.4
980,9/7/1983,11.1
981,9/8/1983,12.2
982,9/9/1983,10.6
983,9/10/1983,8.8
984,9/11/1983,9.2
985,9/12/1983,5.5
986,9/13/1983,7.1
987,9/14/1983,6.5
988,9/15/1983,4.3
989,9/16/1983,5
990,9/17/1983,11.2
991,9/18/1983,7.5
992,9/19/1983,12
993,9/20/1983,13.6
994,9/21/1983,8.3
995,9/22/1983,8.5
996,9/23/1983,12.9
997,9/24/1983,7.7
998,9/25/1983,7.6
999,9/26/1983,3.5
1000,9/27/1983,10.4
1001,9/28/1983,15.4
1002,9/29/1983,10.6
1003,9/30/1983,9.6
1004,10/1/1983,9.3
1005,10/2/1983,13.9
1006,10/3/1983,7.7
1007,10/4/1983,9.5
1008,10/5/1983,7.6
1009,10/6/1983,6.9
1010,10/7/1983,6.8
1011,10/8/1983,5.8
1012,10/9/1983,6
1013,10/10/1983,8.3
1014,10/11/1983,9.1
1015,10/12/1983,12.5
1016,10/13/1983,13.2
1017,10/14/1983,16.2
1018,10/15/1983,12.5
1019,10/16/1983,11.8
1020,10/17/1983,10.6
1021,10/18/1983,10
1022,10/19/1983,12.2
1023,10/20/1983,8.9
1024,10/21/1983,10.3
1025,10/22/1983,7.5
1026,10/23/1983,11.6
1027,10/24/1983,12.6
1028,10/25/1983,12.9
1029,10/26/1983,11.7
1030,10/27/1983,14
1031,10/28/1983,12.3
1032,10/29/1983,9
1033,10/30/1983,9.2
1034,10/31/1983,9.8
1035,11/1/1983,11.8
1036,11/2/1983,10.6
1037,11/3/1983,12.6
1038,11/4/1983,11
1039,11/5/1983,8.2
1040,11/6/1983,7.5
1041,11/7/1983,13.6
1042,11/8/1983,14.8
1043,11/9/1983,10.9
1044,11/10/1983,7.7
1045,11/11/1983,10.2
1046,11/12/1983,10.8
1047,11/13/1983,10.8
1048,11/14/1983,12.5
1049,11/15/1983,13.2
1050,11/16/1983,8.7
1051,11/17/1983,5.7
1052,11/18/1983,9.8
1053,11/19/1983,7.3
1054,11/20/1983,10.8
1055,11/21/1983,10
1056,11/22/1983,16.2
1057,11/23/1983,15
1058,11/24/1983,14.5
1059,11/25/1983,15.9
1060,11/26/1983,14.9
1061,11/27/1983,14.2
1062,11/28/1983,15.8
1063,11/29/1983,17.2
1064,11/30/1983,17.6
1065,12/1/1983,12.1
1066,12/2/1983,11.4
1067,12/3/1983,13
1068,12/4/1983,13.2
1069,12/5/1983,12
1070,12/6/1983,15.3
1071,12/7/1983,12.7
1072,12/8/1983,12.1
1073,12/9/1983,13.8
1074,12/10/1983,10.9
1075,12/11/1983,12
1076,12/12/1983,16.5
1077,12/13/1983,15
1078,12/14/1983,11.2
1079,12/15/1983,13.9
1080,12/16/1983,15
1081,12/17/1983,14.8
1082,12/18/1983,15
1083,12/19/1983,13.3
1084,12/20/1983,20.4
1085,12/21/1983,18
1086,12/22/1983,12.2
1087,12/23/1983,16.7
1088,12/24/1983,13.8
1089,12/25/1983,17.5
1090,12/26/1983,15
1091,12/27/1983,13.9
1092,12/28/1983,11.1
1093,12/29/1983,16.1
1094,12/30/1983,20.4
1095,12/31/1983,18
1096,1/1/1984,19.5
1097,1/2/1984,17.1
1098,1/3/1984,17.1
1099,1/4/1984,12
1100,1/5/1984,11
1101,1/6/1984,16.3
1102,1/7/1984,16.1
1103,1/8/1984,13
1104,1/9/1984,13.4
1105,1/10/1984,15.2
1106,1/11/1984,12.5
1107,1/12/1984,14.3
1108,1/13/1984,16.5
1109,1/14/1984,18.6
1110,1/15/1984,18
1111,1/16/1984,18.2
1112,1/17/1984,11.4
1113,1/18/1984,11.9
1114,1/19/1984,12.2
1115,1/20/1984,14.8
1116,1/21/1984,13.1
1117,1/22/1984,12.7
1118,1/23/1984,10.5
1119,1/24/1984,13.8
1120,1/25/1984,18.8
1121,1/26/1984,13.9
1122,1/27/1984,11.2
1123,1/28/1984,10.6
1124,1/29/1984,14.7
1125,1/30/1984,13.1
1126,1/31/1984,12.1
1127,2/1/1984,14.7
1128,2/2/1984,11.1
1129,2/3/1984,13
1130,2/4/1984,15.6
1131,2/5/1984,14.2
1132,2/6/1984,15.5
1133,2/7/1984,18
1134,2/8/1984,15
1135,2/9/1984,15.9
1136,2/10/1984,15.5
1137,2/11/1984,15.8
1138,2/12/1984,16.6
1139,2/13/1984,13.6
1140,2/14/1984,13.8
1141,2/15/1984,14.6
1142,2/16/1984,15.6
1143,2/17/1984,16.6
1144,2/18/1984,14.3
1145,2/19/1984,16.3
1146,2/20/1984,18.9
1147,2/21/1984,18.7
1148,2/22/1984,14.5
1149,2/23/1984,16.5
1150,2/24/1984,14.1
1151,2/25/1984,13.5
1152,2/26/1984,11.7
1153,2/27/1984,15.1
1154,2/28/1984,11.2
1155,2/29/1984,13.5
1156,3/1/1984,12.6
1157,3/2/1984,8.8
1158,3/3/1984,10.5
1159,3/4/1984,12.1
1160,3/5/1984,14.5
1161,3/6/1984,19.5
1162,3/7/1984,14
1163,3/8/1984,13.8
1164,3/9/1984,10.5
1165,3/10/1984,13.8
1166,3/11/1984,11.4
1167,3/12/1984,15.6
1168,3/13/1984,11.1
1169,3/14/1984,12.1
1170,3/15/1984,14.2
1171,3/16/1984,10.9
1172,3/17/1984,14.2
1173,3/18/1984,13.8
1174,3/19/1984,15.1
1175,3/20/1984,14
1176,3/21/1984,12.1
1177,3/22/1984,13.8
1178,3/23/1984,16.6
1179,3/24/1984,17.8
1180,3/25/1984,9.4
1181,3/26/1984,10.2
1182,3/27/1984,7.4
1183,3/28/1984,8.7
1184,3/29/1984,14
1185,3/30/1984,15.3
1186,3/31/1984,11.1
1187,4/1/1984,9.7
1188,4/2/1984,10.3
1189,4/3/1984,9.2
1190,4/4/1984,8.2
1191,4/5/1984,9.7
1192,4/6/1984,12.4
1193,4/7/1984,12.5
1194,4/8/1984,9
1195,4/9/1984,9.7
1196,4/10/1984,10.1
1197,4/11/1984,11.2
1198,4/12/1984,12
1199,4/13/1984,11.1
1200,4/14/1984,10.8
1201,4/15/1984,12.8
1202,4/16/1984,9.8
1203,4/17/1984,13.7
1204,4/18/1984,11
1205,4/19/1984,13.2
1206,4/20/1984,13
1207,4/21/1984,10.2
1208,4/22/1984,13.2
1209,4/23/1984,9.3
1210,4/24/1984,11.1
1211,4/25/1984,10.3
1212,4/26/1984,8.7
1213,4/27/1984,11.7
1214,4/28/1984,12.5
1215,4/29/1984,6.5
1216,4/30/1984,9.6
1217,5/1/1984,13.8
1218,5/2/1984,14.7
1219,5/3/1984,9.1
1220,5/4/1984,4.8
1221,5/5/1984,3.3
1222,5/6/1984,3.5
1223,5/7/1984,5.7
1224,5/8/1984,5.5
1225,5/9/1984,7
1226,5/10/1984,9.5
1227,5/11/1984,9.9
1228,5/12/1984,4.9
1229,5/13/1984,6.3
1230,5/14/1984,4.8
1231,5/15/1984,6.2
1232,5/16/1984,7.1
1233,5/17/1984,7.5
1234,5/18/1984,9.4
1235,5/19/1984,8.7
1236,5/20/1984,9.5
1237,5/21/1984,12.1
1238,5/22/1984,9.5
1239,5/23/1984,9.3
1240,5/24/1984,8.5
1241,5/25/1984,8
1242,5/26/1984,9.8
1243,5/27/1984,6.2
1244,5/28/1984,7.3
1245,5/29/1984,10.9
1246,5/30/1984,10
1247,5/31/1984,8.7
1248,6/1/1984,9
1249,6/2/1984,10.8
1250,6/3/1984,12.4
1251,6/4/1984,7.2
1252,6/5/1984,7.2
1253,6/6/1984,11.1
1254,6/7/1984,9.3
1255,6/8/1984,10.1
1256,6/9/1984,3.9
1257,6/10/1984,5
1258,6/11/1984,8.2
1259,6/12/1984,2.8
1260,6/13/1984,4.3
1261,6/14/1984,8.1
1262,6/15/1984,11.1
1263,6/16/1984,4.7
1264,6/17/1984,5.3
1265,6/18/1984,10
1266,6/19/1984,5.6
1267,6/20/1984,2.2
1268,6/21/1984,7.1
1269,6/22/1984,8.3
1270,6/23/1984,8.6
1271,6/24/1984,10.1
1272,6/25/1984,8.3
1273,6/26/1984,7.2
1274,6/27/1984,7.7
1275,6/28/1984,7.8
1276,6/29/1984,9.1
1277,6/30/1984,9.4
1278,7/1/1984,7.8
1279,7/2/1984,2.6
1280,7/3/1984,2.4
1281,7/4/1984,3.9
1282,7/5/1984,1.3
1283,7/6/1984,2.1
1284,7/7/1984,7.4
1285,7/8/1984,7.2
1286,7/9/1984,8.8
1287,7/10/1984,8.9
1288,7/11/1984,8.8
1289,7/12/1984,8
1290,7/13/1984,0.7
1291,7/14/1984,?0.1
1292,7/15/1984,0.9
1293,7/16/1984,7.8
1294,7/17/1984,7.2
1295,7/18/1984,8
1296,7/19/1984,4.6
1297,7/20/1984,5.2
1298,7/21/1984,5.8
1299,7/22/1984,6.8
1300,7/23/1984,8.1
1301,7/24/1984,7.5
1302,7/25/1984,5.4
1303,7/26/1984,4.6
1304,7/27/1984,6.4
1305,7/28/1984,9.7
1306,7/29/1984,7
1307,7/30/1984,10
1308,7/31/1984,10.6
1309,8/1/1984,11.5
1310,8/2/1984,10.2
1311,8/3/1984,11.1
1312,8/4/1984,11
1313,8/5/1984,8.9
1314,8/6/1984,9.9
1315,8/7/1984,11.7
1316,8/8/1984,11.6
1317,8/9/1984,9
1318,8/10/1984,6.3
1319,8/11/1984,8.7
1320,8/12/1984,8.5
1321,8/13/1984,8.5
1322,8/14/1984,8
1323,8/15/1984,6
1324,8/16/1984,8
1325,8/17/1984,8.5
1326,8/18/1984,7.7
1327,8/19/1984,8.4
1328,8/20/1984,9
1329,8/21/1984,8.3
1330,8/22/1984,6.8
1331,8/23/1984,9.3
1332,8/24/1984,6.7
1333,8/25/1984,9
1334,8/26/1984,7.3
1335,8/27/1984,6.3
1336,8/28/1984,7.9
1337,8/29/1984,5.2
1338,8/30/1984,9
1339,8/31/1984,11.3
1340,9/1/1984,9.2
1341,9/2/1984,11.3
1342,9/3/1984,7
1343,9/4/1984,8
1344,9/5/1984,4.6
1345,9/6/1984,8.5
1346,9/7/1984,9.5
1347,9/8/1984,9.4
1348,9/9/1984,10.5
1349,9/10/1984,9.7
1350,9/11/1984,4.9
1351,9/12/1984,8
1352,9/13/1984,5.8
1353,9/14/1984,5.5
1354,9/15/1984,10.9
1355,9/16/1984,11.7
1356,9/17/1984,9.2
1357,9/18/1984,8.9
1358,9/19/1984,11.3
1359,9/20/1984,8.6
1360,9/21/1984,6.2
1361,9/22/1984,6.6
1362,9/23/1984,9.1
1363,9/24/1984,6.1
1364,9/25/1984,7.5
1365,9/26/1984,10.7
1366,9/27/1984,6.3
1367,9/28/1984,5.5
1368,9/29/1984,6.7
1369,9/30/1984,4.2
1370,10/1/1984,11.3
1371,10/2/1984,16.3
1372,10/3/1984,10.5
1373,10/4/1984,10.3
1374,10/5/1984,7.9
1375,10/6/1984,7.7
1376,10/7/1984,16
1377,10/8/1984,14.6
1378,10/9/1984,12.5
1379,10/10/1984,8.1
1380,10/11/1984,12.2
1381,10/12/1984,17.2
1382,10/13/1984,9.4
1383,10/14/1984,8.7
1384,10/15/1984,5.9
1385,10/16/1984,4.8
1386,10/17/1984,7.4
1387,10/18/1984,9.4
1388,10/19/1984,9.7
1389,10/20/1984,9.9
1390,10/21/1984,6.5
1391,10/22/1984,9.8
1392,10/23/1984,18.2
1393,10/24/1984,11.3
1394,10/25/1984,9.1
1395,10/26/1984,9.6
1396,10/27/1984,13.5
1397,10/28/1984,10.7
1398,10/29/1984,10
1399,10/30/1984,8.5
1400,10/31/1984,12.6
1401,11/1/1984,16.6
1402,11/2/1984,11.6
1403,11/3/1984,12.2
1404,11/4/1984,11.2
1405,11/5/1984,9.2
1406,11/6/1984,9.9
1407,11/7/1984,11.9
1408,11/8/1984,15.6
1409,11/9/1984,19
1410,11/10/1984,12.8
1411,11/11/1984,12.2
1412,11/12/1984,12
1413,11/13/1984,11.1
1414,11/14/1984,11.8
1415,11/15/1984,7.6
1416,11/16/1984,13
1417,11/17/1984,12.7
1418,11/18/1984,16
1419,11/19/1984,14.8
1420,11/20/1984,14.2
1421,11/21/1984,10
1422,11/22/1984,8.8
1423,11/23/1984,11.6
1424,11/24/1984,8.6
1425,11/25/1984,14.6
1426,11/26/1984,24.3
1427,11/27/1984,11.6
1428,11/28/1984,10.8
1429,11/29/1984,12
1430,11/30/1984,11
1431,12/1/1984,12.6
1432,12/2/1984,10.8
1433,12/3/1984,9.1
1434,12/4/1984,11
1435,12/5/1984,13
1436,12/6/1984,12.8
1437,12/7/1984,9.9
1438,12/8/1984,11.6
1439,12/9/1984,10.5
1440,12/10/1984,15.9
1441,12/11/1984,12.2
1442,12/12/1984,13
1443,12/13/1984,12.5
1444,12/14/1984,12.5
1445,12/15/1984,11.4
1446,12/16/1984,12.1
1447,12/17/1984,16.8
1448,12/18/1984,12.1
1449,12/19/1984,11.3
1450,12/20/1984,10.4
1451,12/21/1984,14.2
1452,12/22/1984,11.4
1453,12/23/1984,13.7
1454,12/24/1984,16.5
1455,12/25/1984,12.8
1456,12/26/1984,12.2
1457,12/27/1984,12
1458,12/28/1984,12.6
1459,12/29/1984,16
1460,12/30/1984,16.4
1461,1/1/1985,13.3
1462,1/2/1985,15.2
1463,1/3/1985,13.1
1464,1/4/1985,12.7
1465,1/5/1985,14.6
1466,1/6/1985,11
1467,1/7/1985,13.2
1468,1/8/1985,12.2
1469,1/9/1985,14.4
1470,1/10/1985,13.7
1471,1/11/1985,14.5
1472,1/12/1985,14.1
1473,1/13/1985,14.4
1474,1/14/1985,19.7
1475,1/15/1985,16.5
1476,1/16/1985,15.9
1477,1/17/1985,11.8
1478,1/18/1985,12
1479,1/19/1985,11.4
1480,1/20/1985,14.4
1481,1/21/1985,12.4
1482,1/22/1985,15.1
1483,1/23/1985,15.6
1484,1/24/1985,15.2
1485,1/25/1985,12.8
1486,1/26/1985,13.3
1487,1/27/1985,17.5
1488,1/28/1985,15.4
1489,1/29/1985,13.5
1490,1/30/1985,16.7
1491,1/31/1985,15.2
1492,2/1/1985,14.9
1493,2/2/1985,10.2
1494,2/3/1985,13.6
1495,2/4/1985,19
1496,2/5/1985,15.7
1497,2/6/1985,18
1498,2/7/1985,14.8
1499,2/8/1985,13.9
1500,2/9/1985,13
1501,2/10/1985,15.3
1502,2/11/1985,14.3
1503,2/12/1985,15.6
1504,2/13/1985,16
1505,2/14/1985,14.9
1506,2/15/1985,11.1
1507,2/16/1985,14.8
1508,2/17/1985,13
1509,2/18/1985,12.2
1510,2/19/1985,10.9
1511,2/20/1985,14.6
1512,2/21/1985,16.6
1513,2/22/1985,18.1
1514,2/23/1985,13.4
1515,2/24/1985,10.3
1516,2/25/1985,13.6
1517,2/26/1985,13.8
1518,2/27/1985,10.3
1519,2/28/1985,11
1520,3/1/1985,14.3
1521,3/2/1985,15.5
1522,3/3/1985,14.7
1523,3/4/1985,12.7
1524,3/5/1985,10.7
1525,3/6/1985,12.6
1526,3/7/1985,9.8
1527,3/8/1985,13.2
1528,3/9/1985,15.2
1529,3/10/1985,16.6
1530,3/11/1985,21
1531,3/12/1985,22.4
1532,3/13/1985,17
1533,3/14/1985,21.7
1534,3/15/1985,21.4
1535,3/16/1985,18.6
1536,3/17/1985,16.2
1537,3/18/1985,16.8
1538,3/19/1985,17
1539,3/20/1985,18.4
1540,3/21/1985,17.2
1541,3/22/1985,18.4
1542,3/23/1985,18.8
1543,3/24/1985,16.5
1544,3/25/1985,13.3
1545,3/26/1985,12.2
1546,3/27/1985,11.3
1547,3/28/1985,13.8
1548,3/29/1985,16.6
1549,3/30/1985,14
1550,3/31/1985,14.3
1551,4/1/1985,16.4
1552,4/2/1985,11.9
1553,4/3/1985,15.7
1554,4/4/1985,17.6
1555,4/5/1985,17.5
1556,4/6/1985,15.9
1557,4/7/1985,16.2
1558,4/8/1985,16
1559,4/9/1985,15.9
1560,4/10/1985,16.2
1561,4/11/1985,16.2
1562,4/12/1985,19.5
1563,4/13/1985,18.2
1564,4/14/1985,21.8
1565,4/15/1985,15.1
1566,4/16/1985,11
1567,4/17/1985,8.1
1568,4/18/1985,9.5
1569,4/19/1985,9.3
1570,4/20/1985,10.6
1571,4/21/1985,6.3
1572,4/22/1985,8.6
1573,4/23/1985,6.8
1574,4/24/1985,8.7
1575,4/25/1985,8.4
1576,4/26/1985,9.3
1577,4/27/1985,10
1578,4/28/1985,10.5
1579,4/29/1985,12
1580,4/30/1985,10.1
1581,5/1/1985,9.4
1582,5/2/1985,10.1
1583,5/3/1985,8
1584,5/4/1985,10.6
1585,5/5/1985,13.6
1586,5/6/1985,15.4
1587,5/7/1985,9
1588,5/8/1985,10.4
1589,5/9/1985,11
1590,5/10/1985,12.1
1591,5/11/1985,13.4
1592,5/12/1985,11.3
1593,5/13/1985,6.7
1594,5/14/1985,9.8
1595,5/15/1985,10.8
1596,5/16/1985,7.8
1597,5/17/1985,4.5
1598,5/18/1985,7.6
1599,5/19/1985,6.9
1600,5/20/1985,7.5
1601,5/21/1985,8.5
1602,5/22/1985,5.5
1603,5/23/1985,9.5
1604,5/24/1985,7.3
1605,5/25/1985,5.4
1606,5/26/1985,5.5
1607,5/27/1985,8.1
1608,5/28/1985,11.2
1609,5/29/1985,13.4
1610,5/30/1985,11.6
1611,5/31/1985,10.1
1612,6/1/1985,4.3
1613,6/2/1985,5.5
1614,6/3/1985,4.4
1615,6/4/1985,5.9
1616,6/5/1985,5.7
1617,6/6/1985,8.2
1618,6/7/1985,8.2
1619,6/8/1985,4.2
1620,6/9/1985,6.5
1621,6/10/1985,10
1622,6/11/1985,8.8
1623,6/12/1985,6.6
1624,6/13/1985,7.8
1625,6/14/1985,10.1
1626,6/15/1985,7.1
1627,6/16/1985,7.7
1628,6/17/1985,8.5
1629,6/18/1985,7.3
1630,6/19/1985,6.9
1631,6/20/1985,8.4
1632,6/21/1985,7.1
1633,6/22/1985,6.3
1634,6/23/1985,0.6
1635,6/24/1985,1.6
1636,6/25/1985,7
1637,6/26/1985,8.3
1638,6/27/1985,8
1639,6/28/1985,10.2
1640,6/29/1985,10.6
1641,6/30/1985,10.4
1642,7/1/1985,11.6
1643,7/2/1985,11
1644,7/3/1985,10.7
1645,7/4/1985,7.3
1646,7/5/1985,4.2
1647,7/6/1985,4.7
1648,7/7/1985,5.6
1649,7/8/1985,7.7
1650,7/9/1985,7.5
1651,7/10/1985,4.9
1652,7/11/1985,5.9
1653,7/12/1985,7.8
1654,7/13/1985,5.8
1655,7/14/1985,7
1656,7/15/1985,8.4
1657,7/16/1985,6.2
1658,7/17/1985,7.5
1659,7/18/1985,4.8
1660,7/19/1985,3.3
1661,7/20/1985,3.2
1662,7/21/1985,7
1663,7/22/1985,8.4
1664,7/23/1985,0.3
1665,7/24/1985,0.3
1666,7/25/1985,2.1
1667,7/26/1985,8.5
1668,7/27/1985,1.4
1669,7/28/1985,4.1
1670,7/29/1985,10.3
1671,7/30/1985,6.6
1672,7/31/1985,6.1
1673,8/1/1985,7
1674,8/2/1985,5.1
1675,8/3/1985,6.3
1676,8/4/1985,6.9
1677,8/5/1985,11.4
1678,8/6/1985,10.4
1679,8/7/1985,10.3
1680,8/8/1985,9.2
1681,8/9/1985,7.2
1682,8/10/1985,7.5
1683,8/11/1985,4
1684,8/12/1985,5.6
1685,8/13/1985,6.7
1686,8/14/1985,8.4
1687,8/15/1985,11
1688,8/16/1985,8.4
1689,8/17/1985,8.8
1690,8/18/1985,8.6
1691,8/19/1985,8.3
1692,8/20/1985,4
1693,8/21/1985,3.6
1694,8/22/1985,5.7
1695,8/23/1985,10.6
1696,8/24/1985,6.9
1697,8/25/1985,10
1698,8/26/1985,9.8
1699,8/27/1985,7.2
1700,8/28/1985,10.5
1701,8/29/1985,3.6
1702,8/30/1985,5.3
1703,8/31/1985,8.4
1704,9/1/1985,10.3
1705,9/2/1985,7.9
1706,9/3/1985,8.5
1707,9/4/1985,7.9
1708,9/5/1985,8
1709,9/6/1985,9.8
1710,9/7/1985,6.7
1711,9/8/1985,4.8
1712,9/9/1985,9.9
1713,9/10/1985,12.8
1714,9/11/1985,10.9
1715,9/12/1985,11.7
1716,9/13/1985,11.7
1717,9/14/1985,11
1718,9/15/1985,8.2
1719,9/16/1985,7.5
1720,9/17/1985,5.4
1721,9/18/1985,7.2
1722,9/19/1985,9.7
1723,9/20/1985,8.4
1724,9/21/1985,9
1725,9/22/1985,8.7
1726,9/23/1985,6.6
1727,9/24/1985,11.6
1728,9/25/1985,13.1
1729,9/26/1985,6.7
1730,9/27/1985,6.5
1731,9/28/1985,7.7
1732,9/29/1985,8.7
1733,9/30/1985,7.2
1734,10/1/1985,10.5
1735,10/2/1985,8.6
1736,10/3/1985,7.2
1737,10/4/1985,11.4
1738,10/5/1985,16.2
1739,10/6/1985,6.1
1740,10/7/1985,9.6
1741,10/8/1985,11.1
1742,10/9/1985,13.6
1743,10/10/1985,10.7
1744,10/11/1985,14.7
1745,10/12/1985,11.6
1746,10/13/1985,7.3
1747,10/14/1985,8
1748,10/15/1985,9.6
1749,10/16/1985,16
1750,10/17/1985,15.1
1751,10/18/1985,12.8
1752,10/19/1985,6.2
1753,10/20/1985,7.1
1754,10/21/1985,8.4
1755,10/22/1985,10
1756,10/23/1985,12.7
1757,10/24/1985,10
1758,10/25/1985,10.2
1759,10/26/1985,6.5
1760,10/27/1985,9.2
1761,10/28/1985,11.9
1762,10/29/1985,14.7
1763,10/30/1985,11.4
1764,10/31/1985,6.8
1765,11/1/1985,7.4
1766,11/2/1985,11.2
1767,11/3/1985,9.2
1768,11/4/1985,12.6
1769,11/5/1985,16
1770,11/6/1985,17.1
1771,11/7/1985,15.3
1772,11/8/1985,13.3
1773,11/9/1985,15.4
1774,11/10/1985,13.2
1775,11/11/1985,14.4
1776,11/12/1985,14
1777,11/13/1985,15.5
1778,11/14/1985,21
1779,11/15/1985,10
1780,11/16/1985,9.6
1781,11/17/1985,12
1782,11/18/1985,12.2
1783,11/19/1985,11.3
1784,11/20/1985,13.2
1785,11/21/1985,10.5
1786,11/22/1985,10.1
1787,11/23/1985,8.8
1788,11/24/1985,13.7
1789,11/25/1985,16.2
1790,11/26/1985,16
1791,11/27/1985,14
1792,11/28/1985,13.7
1793,11/29/1985,12.5
1794,11/30/1985,12.8
1795,12/1/1985,12.3
1796,12/2/1985,15.2
1797,12/3/1985,15
1798,12/4/1985,16.4
1799,12/5/1985,16.1
1800,12/6/1985,14.6
1801,12/7/1985,18.2
1802,12/8/1985,16.4
1803,12/9/1985,16.6
1804,12/10/1985,14.7
1805,12/11/1985,15.8
1806,12/12/1985,14.1
1807,12/13/1985,13.5
1808,12/14/1985,13.6
1809,12/15/1985,13.7
1810,12/16/1985,13.6
1811,12/17/1985,12.1
1812,12/18/1985,12.7
1813,12/19/1985,13.3
1814,12/20/1985,14.2
1815,12/21/1985,15
1816,12/22/1985,13.7
1817,12/23/1985,12
1818,12/24/1985,13.1
1819,12/25/1985,13.2
1820,12/26/1985,13.3
1821,12/27/1985,11.5
1822,12/28/1985,10.8
1823,12/29/1985,12
1824,12/30/1985,16.3
1825,12/31/1985,14.4
1826,1/1/1986,12.9
1827,1/2/1986,13.8
1828,1/3/1986,10.6
1829,1/4/1986,12.6
1830,1/5/1986,13.7
1831,1/6/1986,12.6
1832,1/7/1986,13.1
1833,1/8/1986,15.4
1834,1/9/1986,11.9
1835,1/10/1986,13.8
1836,1/11/1986,14.4
1837,1/12/1986,15.2
1838,1/13/1986,12.5
1839,1/14/1986,12.2
1840,1/15/1986,16.1
1841,1/16/1986,14.6
1842,1/17/1986,11.6
1843,1/18/1986,13.1
1844,1/19/1986,12.8
1845,1/20/1986,15.2
1846,1/21/1986,13.8
1847,1/22/1986,15
1848,1/23/1986,13.5
1849,1/24/1986,11.8
1850,1/25/1986,15.3
1851,1/26/1986,13.5
1852,1/27/1986,15.3
1853,1/28/1986,13.8
1854,1/29/1986,15.8
1855,1/30/1986,17.4
1856,1/31/1986,15.3
1857,2/1/1986,14.6
1858,2/2/1986,14.8
1859,2/3/1986,10.7
1860,2/4/1986,11.6
1861,2/5/1986,13.6
1862,2/6/1986,14.4
1863,2/7/1986,11.8
1864,2/8/1986,15.8
1865,2/9/1986,16
1866,2/10/1986,11.8
1867,2/11/1986,14.5
1868,2/12/1986,10.7
1869,2/13/1986,14.2
1870,2/14/1986,19.5
1871,2/15/1986,21.4
1872,2/16/1986,17.9
1873,2/17/1986,17.4
1874,2/18/1986,12.7
1875,2/19/1986,13.8
1876,2/20/1986,14
1877,2/21/1986,15
1878,2/22/1986,14.5
1879,2/23/1986,13.1
1880,2/24/1986,11.4
1881,2/25/1986,12.5
1882,2/26/1986,12
1883,2/27/1986,13.4
1884,2/28/1986,14.4
1885,3/1/1986,17.7
1886,3/2/1986,13.9
1887,3/3/1986,13.3
1888,3/4/1986,14.6
1889,3/5/1986,16.4
1890,3/6/1986,16.8
1891,3/7/1986,20
1892,3/8/1986,12.5
1893,3/9/1986,12.7
1894,3/10/1986,11.7
1895,3/11/1986,12.7
1896,3/12/1986,8.6
1897,3/13/1986,11.9
1898,3/14/1986,16
1899,3/15/1986,15.2
1900,3/16/1986,13.4
1901,3/17/1986,11.6
1902,3/18/1986,11.1
1903,3/19/1986,15.6
1904,3/20/1986,17
1905,3/21/1986,18.5
1906,3/22/1986,17.4
1907,3/23/1986,16.5
1908,3/24/1986,16.2
1909,3/25/1986,16.1
1910,3/26/1986,13.2
1911,3/27/1986,18
1912,3/28/1986,12.8
1913,3/29/1986,11.7
1914,3/30/1986,16.7
1915,3/31/1986,15.6
1916,4/1/1986,10.2
1917,4/2/1986,10.3
1918,4/3/1986,15
1919,4/4/1986,18
1920,4/5/1986,13.8
1921,4/6/1986,10.5
1922,4/7/1986,11.8
1923,4/8/1986,7.2
1924,4/9/1986,11.6
1925,4/10/1986,7.4
1926,4/11/1986,14.2
1927,4/12/1986,12.2
1928,4/13/1986,9
1929,4/14/1986,12.3
1930,4/15/1986,19.7
1931,4/16/1986,12.8
1932,4/17/1986,12.4
1933,4/18/1986,12
1934,4/19/1986,12
1935,4/20/1986,11.1
1936,4/21/1986,12.7
1937,4/22/1986,14.2
1938,4/23/1986,11.6
1939,4/24/1986,12
1940,4/25/1986,11.5
1941,4/26/1986,8.3
1942,4/27/1986,10.5
1943,4/28/1986,9
1944,4/29/1986,6.9
1945,4/30/1986,9.4
1946,5/1/1986,11.1
1947,5/2/1986,9.1
1948,5/3/1986,7.7
1949,5/4/1986,10
1950,5/5/1986,10.4
1951,5/6/1986,8
1952,5/7/1986,9.8
1953,5/8/1986,12.4
1954,5/9/1986,12.9
1955,5/10/1986,12.3
1956,5/11/1986,6.9
1957,5/12/1986,10.5
1958,5/13/1986,11
1959,5/14/1986,9.7
1960,5/15/1986,11.1
1961,5/16/1986,11.5
1962,5/17/1986,13.4
1963,5/18/1986,10.9
1964,5/19/1986,12
1965,5/20/1986,12.1
1966,5/21/1986,10.4
1967,5/22/1986,10
1968,5/23/1986,9.6
1969,5/24/1986,11.3
1970,5/25/1986,8.5
1971,5/26/1986,6.3
1972,5/27/1986,8.2
1973,5/28/1986,10.7
1974,5/29/1986,10.3
1975,5/30/1986,9.5
1976,5/31/1986,10.9
1977,6/1/1986,10.9
1978,6/2/1986,4.3
1979,6/3/1986,5.2
1980,6/4/1986,11
1981,6/5/1986,11.6
1982,6/6/1986,10.6
1983,6/7/1986,9.4
1984,6/8/1986,10
1985,6/9/1986,9.6
1986,6/10/1986,9.5
1987,6/11/1986,9.7
1988,6/12/1986,9.6
1989,6/13/1986,7
1990,6/14/1986,7
1991,6/15/1986,6.8
1992,6/16/1986,6.9
1993,6/17/1986,8
1994,6/18/1986,7.6
1995,6/19/1986,8.6
1996,6/20/1986,5.7
1997,6/21/1986,5.5
1998,6/22/1986,5.7
1999,6/23/1986,5.7
2000,6/24/1986,6.6
2001,6/25/1986,6
2002,6/26/1986,6.9
2003,6/27/1986,7.7
2004,6/28/1986,8
2005,6/29/1986,3.9
2006,6/30/1986,0.8
2007,7/1/1986,2.8
2008,7/2/1986,8
2009,7/3/1986,9.8
2010,7/4/1986,11.4
2011,7/5/1986,8.6
2012,7/6/1986,5.2
2013,7/7/1986,6.6
2014,7/8/1986,5.7
2015,7/9/1986,4.6
2016,7/10/1986,5.8
2017,7/11/1986,7
2018,7/12/1986,4.8
2019,7/13/1986,4.4
2020,7/14/1986,4.4
2021,7/15/1986,7.9
2022,7/16/1986,10.6
2023,7/17/1986,5
2024,7/18/1986,7.6
2025,7/19/1986,9.2
2026,7/20/1986,9.7
2027,7/21/1986,8.8
2028,7/22/1986,6.8
2029,7/23/1986,9.4
2030,7/24/1986,11
2031,7/25/1986,2.5
2032,7/26/1986,2.1
2033,7/27/1986,5.4
2034,7/28/1986,6.2
2035,7/29/1986,7.8
2036,7/30/1986,7.4
2037,7/31/1986,9.3
2038,8/1/1986,9.3
2039,8/2/1986,9.5
2040,8/3/1986,8.5
2041,8/4/1986,10
2042,8/5/1986,7.7
2043,8/6/1986,9.3
2044,8/7/1986,9.1
2045,8/8/1986,3.5
2046,8/9/1986,3.6
2047,8/10/1986,2.5
2048,8/11/1986,1.7
2049,8/12/1986,2.7
2050,8/13/1986,2.9
2051,8/14/1986,5.3
2052,8/15/1986,7.7
2053,8/16/1986,9.1
2054,8/17/1986,9.4
2055,8/18/1986,7.3
2056,8/19/1986,8.4
2057,8/20/1986,9.2
2058,8/21/1986,6.6
2059,8/22/1986,9.7
2060,8/23/1986,12.4
2061,8/24/1986,10.2
2062,8/25/1986,5.9
2063,8/26/1986,7.1
2064,8/27/1986,7.5
2065,8/28/1986,9.7
2066,8/29/1986,12.2
2067,8/30/1986,5.6
2068,8/31/1986,5.4
2069,9/1/1986,8.3
2070,9/2/1986,10.6
2071,9/3/1986,9.1
2072,9/4/1986,11.3
2073,9/5/1986,10.9
2074,9/6/1986,8.9
2075,9/7/1986,6.3
2076,9/8/1986,9
2077,9/9/1986,6.1
2078,9/10/1986,9.1
2079,9/11/1986,9.6
2080,9/12/1986,6
2081,9/13/1986,10
2082,9/14/1986,11
2083,9/15/1986,6.2
2084,9/16/1986,8.3
2085,9/17/1986,11.3
2086,9/18/1986,11.3
2087,9/19/1986,6.7
2088,9/20/1986,6.6
2089,9/21/1986,11.4
2090,9/22/1986,6.9
2091,9/23/1986,10.6
2092,9/24/1986,8.6
2093,9/25/1986,11.3
2094,9/26/1986,12.5
2095,9/27/1986,9.9
2096,9/28/1986,6.9
2097,9/29/1986,5.5
2098,9/30/1986,7.8
2099,10/1/1986,11
2100,10/2/1986,16.2
2101,10/3/1986,9.9
2102,10/4/1986,8.7
2103,10/5/1986,10.5
2104,10/6/1986,12.2
2105,10/7/1986,10.6
2106,10/8/1986,8.3
2107,10/9/1986,5.5
2108,10/10/1986,9
2109,10/11/1986,6.4
2110,10/12/1986,7.2
2111,10/13/1986,12.9
2112,10/14/1986,12
2113,10/15/1986,7.3
2114,10/16/1986,9.7
2115,10/17/1986,8.4
2116,10/18/1986,14.7
2117,10/19/1986,9.5
2118,10/20/1986,7.9
2119,10/21/1986,6.8
2120,10/22/1986,12.6
2121,10/23/1986,5.2
2122,10/24/1986,7.5
2123,10/25/1986,8.7
2124,10/26/1986,7.6
2125,10/27/1986,9
2126,10/28/1986,7.2
2127,10/29/1986,10.7
2128,10/30/1986,13.1
2129,10/31/1986,13.9
2130,11/1/1986,10.8
2131,11/2/1986,10.4
2132,11/3/1986,9.1
2133,11/4/1986,16
2134,11/5/1986,21
2135,11/6/1986,16.2
2136,11/7/1986,8.6
2137,11/8/1986,9.2
2138,11/9/1986,12.5
2139,11/10/1986,9.7
2140,11/11/1986,12.5
2141,11/12/1986,10.3
2142,11/13/1986,12
2143,11/14/1986,11
2144,11/15/1986,14.8
2145,11/16/1986,15
2146,11/17/1986,15.3
2147,11/18/1986,10.3
2148,11/19/1986,10.7
2149,11/20/1986,10.5
2150,11/21/1986,8.9
2151,11/22/1986,8.1
2152,11/23/1986,11.5
2153,11/24/1986,12.8
2154,11/25/1986,9.1
2155,11/26/1986,14.6
2156,11/27/1986,11.6
2157,11/28/1986,11.2
2158,11/29/1986,12.6
2159,11/30/1986,7.5
2160,12/1/1986,11
2161,12/2/1986,14.5
2162,12/3/1986,18.5
2163,12/4/1986,15.4
2164,12/5/1986,13.1
2165,12/6/1986,16.3
2166,12/7/1986,20.2
2167,12/8/1986,11.5
2168,12/9/1986,12.4
2169,12/10/1986,10.9
2170,12/11/1986,12.7
2171,12/12/1986,12.2
2172,12/13/1986,12.4
2173,12/14/1986,9.8
2174,12/15/1986,8.5
2175,12/16/1986,14.7
2176,12/17/1986,12
2177,12/18/1986,10.3
2178,12/19/1986,11
2179,12/20/1986,10.2
2180,12/21/1986,12.6
2181,12/22/1986,11.6
2182,12/23/1986,9.7
2183,12/24/1986,13.4
2184,12/25/1986,10.5
2185,12/26/1986,14.7
2186,12/27/1986,14.6
2187,12/28/1986,14.2
2188,12/29/1986,13.2
2189,12/30/1986,11.7
2190,12/31/1986,17.2
2191,1/1/1987,12.3
2192,1/2/1987,13.8
2193,1/3/1987,15.3
2194,1/4/1987,15.6
2195,1/5/1987,16.2
2196,1/6/1987,16.3
2197,1/7/1987,16.8
2198,1/8/1987,11
2199,1/9/1987,8.5
2200,1/10/1987,13.2
2201,1/11/1987,13
2202,1/12/1987,12.4
2203,1/13/1987,13
2204,1/14/1987,16.6
2205,1/15/1987,12
2206,1/16/1987,12.4
2207,1/17/1987,15
2208,1/18/1987,11.8
2209,1/19/1987,11.6
2210,1/20/1987,12.2
2211,1/21/1987,13.7
2212,1/22/1987,11.2
2213,1/23/1987,12.4
2214,1/24/1987,11.5
2215,1/25/1987,13.8
2216,1/26/1987,15.7
2217,1/27/1987,12.9
2218,1/28/1987,11.5
2219,1/29/1987,11
2220,1/30/1987,12.7
2221,1/31/1987,14.9
2222,2/1/1987,16.5
2223,2/2/1987,12.8
2224,2/3/1987,12.7
2225,2/4/1987,12.7
2226,2/5/1987,11.6
2227,2/6/1987,13.3
2228,2/7/1987,15.2
2229,2/8/1987,16.4
2230,2/9/1987,11.9
2231,2/10/1987,15.1
2232,2/11/1987,10.6
2233,2/12/1987,13.6
2234,2/13/1987,12.1
2235,2/14/1987,16
2236,2/15/1987,16.8
2237,2/16/1987,16.6
2238,2/17/1987,15.6
2239,2/18/1987,15.2
2240,2/19/1987,17.7
2241,2/20/1987,21
2242,2/21/1987,13.4
2243,2/22/1987,10.5
2244,2/23/1987,9.5
2245,2/24/1987,12
2246,2/25/1987,10.4
2247,2/26/1987,11.5
2248,2/27/1987,13.2
2249,2/28/1987,15
2250,3/1/1987,14.1
2251,3/2/1987,12.4
2252,3/3/1987,13.4
2253,3/4/1987,12.5
2254,3/5/1987,14.3
2255,3/6/1987,17.6
2256,3/7/1987,10.4
2257,3/8/1987,9.9
2258,3/9/1987,10.2
2259,3/10/1987,11.3
2260,3/11/1987,9.5
2261,3/12/1987,11.8
2262,3/13/1987,11.5
2263,3/14/1987,10.5
2264,3/15/1987,10.8
2265,3/16/1987,13
2266,3/17/1987,18.5
2267,3/18/1987,18.7
2268,3/19/1987,15
2269,3/20/1987,13
2270,3/21/1987,11.3
2271,3/22/1987,13
2272,3/23/1987,13.3
2273,3/24/1987,11
2274,3/25/1987,10.3
2275,3/26/1987,13
2276,3/27/1987,12.3
2277,3/28/1987,15.6
2278,3/29/1987,10.2
2279,3/30/1987,10.8
2280,3/31/1987,12
2281,4/1/1987,13.3
2282,4/2/1987,11.7
2283,4/3/1987,12.5
2284,4/4/1987,13.7
2285,4/5/1987,14.9
2286,4/6/1987,20.2
2287,4/7/1987,16.3
2288,4/8/1987,13.9
2289,4/9/1987,10.1
2290,4/10/1987,7.3
2291,4/11/1987,14
2292,4/12/1987,17.7
2293,4/13/1987,16.3
2294,4/14/1987,10.6
2295,4/15/1987,9.7
2296,4/16/1987,7.8
2297,4/17/1987,10.4
2298,4/18/1987,10.4
2299,4/19/1987,14.1
2300,4/20/1987,7.1
2301,4/21/1987,8.1
2302,4/22/1987,7.8
2303,4/23/1987,10.6
2304,4/24/1987,9.1
2305,4/25/1987,9
2306,4/26/1987,11.9
2307,4/27/1987,17.1
2308,4/28/1987,16.8
2309,4/29/1987,13.5
2310,4/30/1987,11.6
2311,5/1/1987,7
2312,5/2/1987,9.7
2313,5/3/1987,9.9
2314,5/4/1987,11.2
2315,5/5/1987,11.3
2316,5/6/1987,11.8
2317,5/7/1987,9.9
2318,5/8/1987,7.1
2319,5/9/1987,9.6
2320,5/10/1987,9.8
2321,5/11/1987,10.6
2322,5/12/1987,12.8
2323,5/13/1987,16.5
2324,5/14/1987,11.7
2325,5/15/1987,12.3
2326,5/16/1987,12.2
2327,5/17/1987,11.8
2328,5/18/1987,10.7
2329,5/19/1987,10.2
2330,5/20/1987,10
2331,5/21/1987,8.3
2332,5/22/1987,6.6
2333,5/23/1987,9.5
2334,5/24/1987,12.3
2335,5/25/1987,7.6
2336,5/26/1987,9.3
2337,5/27/1987,5
2338,5/28/1987,4.3
2339,5/29/1987,6.4
2340,5/30/1987,10.8
2341,5/31/1987,7.8
2342,6/1/1987,8.5
2343,6/2/1987,9.7
2344,6/3/1987,10
2345,6/4/1987,11
2346,6/5/1987,10.2
2347,6/6/1987,6.6
2348,6/7/1987,6.1
2349,6/8/1987,5.9
2350,6/9/1987,8.9
2351,6/10/1987,13
2352,6/11/1987,12.6
2353,6/12/1987,5.4
2354,6/13/1987,6
2355,6/14/1987,7.8
2356,6/15/1987,9
2357,6/16/1987,4.2
2358,6/17/1987,3
2359,6/18/1987,4.5
2360,6/19/1987,6.2
2361,6/20/1987,11.9
2362,6/21/1987,11.8
2363,6/22/1987,9.4
2364,6/23/1987,9.6
2365,6/24/1987,9.4
2366,6/25/1987,7
2367,6/26/1987,8.9
2368,6/27/1987,9.3
2369,6/28/1987,6.8
2370,6/29/1987,7.5
2371,6/30/1987,8
2372,7/1/1987,8.3
2373,7/2/1987,2.7
2374,7/3/1987,3.9
2375,7/4/1987,4.1
2376,7/5/1987,5
2377,7/6/1987,5.8
2378,7/7/1987,4.4
2379,7/8/1987,4.1
2380,7/9/1987,5.8
2381,7/10/1987,9.1
2382,7/11/1987,7.9
2383,7/12/1987,5
2384,7/13/1987,2.8
2385,7/14/1987,4.7
2386,7/15/1987,8.9
2387,7/16/1987,5.4
2388,7/17/1987,7.1
2389,7/18/1987,9
2390,7/19/1987,9.4
2391,7/20/1987,6.3
2392,7/21/1987,7
2393,7/22/1987,6.4
2394,7/23/1987,6.7
2395,7/24/1987,1.5
2396,7/25/1987,2.9
2397,7/26/1987,4.8
2398,7/27/1987,6.3
2399,7/28/1987,5.7
2400,7/29/1987,7
2401,7/30/1987,8.8
2402,7/31/1987,8.7
2403,8/1/1987,9
2404,8/2/1987,9.6
2405,8/3/1987,8
2406,8/4/1987,8.4
2407,8/5/1987,8.1
2408,8/6/1987,9
2409,8/7/1987,5.3
2410,8/8/1987,8.9
2411,8/9/1987,8.7
2412,8/10/1987,4.9
2413,8/11/1987,7
2414,8/12/1987,7.5
2415,8/13/1987,7
2416,8/14/1987,9.1
2417,8/15/1987,11.8
2418,8/16/1987,9.9
2419,8/17/1987,5.6
2420,8/18/1987,4.2
2421,8/19/1987,4.3
2422,8/20/1987,8
2423,8/21/1987,5.1
2424,8/22/1987,9.4
2425,8/23/1987,9.1
2426,8/24/1987,9.7
2427,8/25/1987,10.6
2428,8/26/1987,8.6
2429,8/27/1987,10.1
2430,8/28/1987,11
2431,8/29/1987,9.7
2432,8/30/1987,5
2433,8/31/1987,6.1
2434,9/1/1987,5.4
2435,9/2/1987,5.8
2436,9/3/1987,7.3
2437,9/4/1987,6.3
2438,9/5/1987,4.8
2439,9/6/1987,7.6
2440,9/7/1987,8.1
2441,9/8/1987,9.5
2442,9/9/1987,10.3
2443,9/10/1987,7
2444,9/11/1987,9
2445,9/12/1987,10.2
2446,9/13/1987,6.8
2447,9/14/1987,9.3
2448,9/15/1987,9.8
2449,9/16/1987,10.7
2450,9/17/1987,7.8
2451,9/18/1987,9.2
2452,9/19/1987,15
2453,9/20/1987,7.8
2454,9/21/1987,5.3
2455,9/22/1987,9.5
2456,9/23/1987,7.6
2457,9/24/1987,14
2458,9/25/1987,14.9
2459,9/26/1987,14.9
2460,9/27/1987,19.2
2461,9/28/1987,17
2462,9/29/1987,13
2463,9/30/1987,11.2
2464,10/1/1987,9.5
2465,10/2/1987,10.3
2466,10/3/1987,9.3
2467,10/4/1987,11.3
2468,10/5/1987,6.5
2469,10/6/1987,12
2470,10/7/1987,8.3
2471,10/8/1987,8.7
2472,10/9/1987,8.7
2473,10/10/1987,10.2
2474,10/11/1987,6.9
2475,10/12/1987,4.9
2476,10/13/1987,10
2477,10/14/1987,7.6
2478,10/15/1987,14.5
2479,10/16/1987,13.2
2480,10/17/1987,9.9
2481,10/18/1987,10.1
2482,10/19/1987,11.3
2483,10/20/1987,10.4
2484,10/21/1987,10.9
2485,10/22/1987,9.2
2486,10/23/1987,10.5
2487,10/24/1987,11.4
2488,10/25/1987,13.5
2489,10/26/1987,9.8
2490,10/27/1987,13.1
2491,10/28/1987,9.7
2492,10/29/1987,11.4
2493,10/30/1987,9.9
2494,10/31/1987,14.4
2495,11/1/1987,19
2496,11/2/1987,23
2497,11/3/1987,15.4
2498,11/4/1987,9.6
2499,11/5/1987,10.8
2500,11/6/1987,12.1
2501,11/7/1987,11
2502,11/8/1987,12.6
2503,11/9/1987,14.7
2504,11/10/1987,11.1
2505,11/11/1987,10.1
2506,11/12/1987,11.4
2507,11/13/1987,13
2508,11/14/1987,11.9
2509,11/15/1987,9.5
2510,11/16/1987,13.5
2511,11/17/1987,15.2
2512,11/18/1987,18.4
2513,11/19/1987,24.1
2514,11/20/1987,14.1
2515,11/21/1987,10.7
2516,11/22/1987,8.7
2517,11/23/1987,13.3
2518,11/24/1987,11.6
2519,11/25/1987,9.9
2520,11/26/1987,10.8
2521,11/27/1987,11.5
2522,11/28/1987,10
2523,11/29/1987,13.9
2524,11/30/1987,13.6
2525,12/1/1987,11.9
2526,12/2/1987,11.1
2527,12/3/1987,8.2
2528,12/4/1987,9.4
2529,12/5/1987,12.7
2530,12/6/1987,11.6
2531,12/7/1987,11
2532,12/8/1987,11.3
2533,12/9/1987,13.4
2534,12/10/1987,14.9
2535,12/11/1987,15.2
2536,12/12/1987,13.9
2537,12/13/1987,15
2538,12/14/1987,16.2
2539,12/15/1987,17.7
2540,12/16/1987,20.5
2541,12/17/1987,14.7
2542,12/18/1987,12.5
2543,12/19/1987,10.9
2544,12/20/1987,12.8
2545,12/21/1987,12.7
2546,12/22/1987,11.2
2547,12/23/1987,11.4
2548,12/24/1987,11.2
2549,12/25/1987,12.1
2550,12/26/1987,12.7
2551,12/27/1987,16.2
2552,12/28/1987,14.2
2553,12/29/1987,14.3
2554,12/30/1987,13.3
2555,12/31/1987,16.7
2556,1/1/1988,15.3
2557,1/2/1988,14.3
2558,1/3/1988,13.5
2559,1/4/1988,15
2560,1/5/1988,13.6
2561,1/6/1988,15.2
2562,1/7/1988,17
2563,1/8/1988,18.7
2564,1/9/1988,16.5
2565,1/10/1988,17.4
2566,1/11/1988,18.3
2567,1/12/1988,18.3
2568,1/13/1988,22.4
2569,1/14/1988,21.4
2570,1/15/1988,20.9
2571,1/16/1988,17.6
2572,1/17/1988,15.5
2573,1/18/1988,16.6
2574,1/19/1988,16.2
2575,1/20/1988,15.6
2576,1/21/1988,14.5
2577,1/22/1988,14
2578,1/23/1988,15.6
2579,1/24/1988,12.3
2580,1/25/1988,11.6
2581,1/26/1988,12.6
2582,1/27/1988,14.9
2583,1/28/1988,17.3
2584,1/29/1988,21.4
2585,1/30/1988,23.4
2586,1/31/1988,14.4
2587,2/1/1988,14.1
2588,2/2/1988,15
2589,2/3/1988,14.5
2590,2/4/1988,15.1
2591,2/5/1988,13.9
2592,2/6/1988,13.4
2593,2/7/1988,9.2
2594,2/8/1988,12.5
2595,2/9/1988,15.1
2596,2/10/1988,12.1
2597,2/11/1988,14.5
2598,2/12/1988,16.3
2599,2/13/1988,16.5
2600,2/14/1988,14.9
2601,2/15/1988,13.2
2602,2/16/1988,11.8
2603,2/17/1988,13.6
2604,2/18/1988,16.2
2605,2/19/1988,14.1
2606,2/20/1988,13.5
2607,2/21/1988,15
2608,2/22/1988,14.8
2609,2/23/1988,16.2
2610,2/24/1988,16.2
2611,2/25/1988,13.3
2612,2/26/1988,15.3
2613,2/27/1988,18.4
2614,2/28/1988,16.2
2615,2/29/1988,16.3
2616,3/1/1988,12.4
2617,3/2/1988,15.6
2618,3/3/1988,14.9
2619,3/4/1988,14.8
2620,3/5/1988,12.7
2621,3/6/1988,14.2
2622,3/7/1988,16.8
2623,3/8/1988,16.7
2624,3/9/1988,16.2
2625,3/10/1988,14.5
2626,3/11/1988,10
2627,3/12/1988,12.6
2628,3/13/1988,11.9
2629,3/14/1988,11.8
2630,3/15/1988,13.4
2631,3/16/1988,14.5
2632,3/17/1988,15.7
2633,3/18/1988,15.3
2634,3/19/1988,13.9
2635,3/20/1988,13.7
2636,3/21/1988,15.1
2637,3/22/1988,15.6
2638,3/23/1988,14.4
2639,3/24/1988,13.9
2640,3/25/1988,16.2
2641,3/26/1988,16.7
2642,3/27/1988,15.5
2643,3/28/1988,16.4
2644,3/29/1988,17.5
2645,3/30/1988,18.2
2646,3/31/1988,16.1
2647,4/1/1988,16.5
2648,4/2/1988,14.6
2649,4/3/1988,16.4
2650,4/4/1988,13.6
2651,4/5/1988,15.9
2652,4/6/1988,11.9
2653,4/7/1988,14.7
2654,4/8/1988,9.4
2655,4/9/1988,6.6
2656,4/10/1988,7.9
2657,4/11/1988,11
2658,4/12/1988,15.7
2659,4/13/1988,15.2
2660,4/14/1988,15.9
2661,4/15/1988,10.6
2662,4/16/1988,8.3
2663,4/17/1988,8.6
2664,4/18/1988,12.7
2665,4/19/1988,10.5
2666,4/20/1988,12
2667,4/21/1988,11.1
2668,4/22/1988,13
2669,4/23/1988,12.4
2670,4/24/1988,13.3
2671,4/25/1988,15.9
2672,4/26/1988,12
2673,4/27/1988,13.7
2674,4/28/1988,17.6
2675,4/29/1988,14.3
2676,4/30/1988,13.7
2677,5/1/1988,15.2
2678,5/2/1988,14.5
2679,5/3/1988,14.9
2680,5/4/1988,15.5
2681,5/5/1988,16.4
2682,5/6/1988,14.5
2683,5/7/1988,12.6
2684,5/8/1988,13.6
2685,5/9/1988,11.2
2686,5/10/1988,11
2687,5/11/1988,12
2688,5/12/1988,6.8
2689,5/13/1988,10.6
2690,5/14/1988,13.1
2691,5/15/1988,13.5
2692,5/16/1988,11.7
2693,5/17/1988,13.2
2694,5/18/1988,12
2695,5/19/1988,10.4
2696,5/20/1988,10
2697,5/21/1988,8.2
2698,5/22/1988,9.4
2699,5/23/1988,10.3
2700,5/24/1988,8.1
2701,5/25/1988,8.7
2702,5/26/1988,12.6
2703,5/27/1988,10.9
2704,5/28/1988,8.7
2705,5/29/1988,9.3
2706,5/30/1988,6.3
2707,5/31/1988,7.8
2708,6/1/1988,10
2709,6/2/1988,11
2710,6/3/1988,11.1
2711,6/4/1988,12.6
2712,6/5/1988,10.2
2713,6/6/1988,11.1
2714,6/7/1988,8.7
2715,6/8/1988,9.5
2716,6/9/1988,9.7
2717,6/10/1988,8.2
2718,6/11/1988,5
2719,6/12/1988,6.5
2720,6/13/1988,12.1
2721,6/14/1988,8.9
2722,6/15/1988,6.1
2723,6/16/1988,2.8
2724,6/17/1988,3.7
2725,6/18/1988,6.8
2726,6/19/1988,6.6
2727,6/20/1988,7
2728,6/21/1988,7.3
2729,6/22/1988,7.9
2730,6/23/1988,10.6
2731,6/24/1988,8.1
2732,6/25/1988,6.7
2733,6/26/1988,8
2734,6/27/1988,10
2735,6/28/1988,6.7
2736,6/29/1988,9.4
2737,6/30/1988,9.3
2738,7/1/1988,6
2739,7/2/1988,5.8
2740,7/3/1988,4.9
2741,7/4/1988,5
2742,7/5/1988,8.4
2743,7/6/1988,12.3
2744,7/7/1988,13
2745,7/8/1988,11.4
2746,7/9/1988,6.8
2747,7/10/1988,7.6
2748,7/11/1988,12.4
2749,7/12/1988,7.1
2750,7/13/1988,7.5
2751,7/14/1988,10
2752,7/15/1988,5.3
2753,7/16/1988,6.3
2754,7/17/1988,8
2755,7/18/1988,8.3
2756,7/19/1988,9.3
2757,7/20/1988,9.5
2758,7/21/1988,5.6
2759,7/22/1988,7
2760,7/23/1988,8.5
2761,7/24/1988,8.5
2762,7/25/1988,8.2
2763,7/26/1988,8.5
2764,7/27/1988,9.6
2765,7/28/1988,9.7
2766,7/29/1988,7.1
2767,7/30/1988,8.4
2768,7/31/1988,9.2
2769,8/1/1988,9.8
2770,8/2/1988,8.1
2771,8/3/1988,9.4
2772,8/4/1988,10
2773,8/5/1988,5.1
2774,8/6/1988,6.7
2775,8/7/1988,6.9
2776,8/8/1988,6.8
2777,8/9/1988,8.6
2778,8/10/1988,9.1
2779,8/11/1988,3.9
2780,8/12/1988,4.8
2781,8/13/1988,8.4
2782,8/14/1988,11.6
2783,8/15/1988,12.1
2784,8/16/1988,12.4
2785,8/17/1988,10
2786,8/18/1988,10.1
2787,8/19/1988,9.7
2788,8/20/1988,11.7
2789,8/21/1988,7.9
2790,8/22/1988,8.6
2791,8/23/1988,7.7
2792,8/24/1988,5.8
2793,8/25/1988,8.7
2794,8/26/1988,10.6
2795,8/27/1988,6.7
2796,8/28/1988,8.8
2797,8/29/1988,9.7
2798,8/30/1988,9
2799,8/31/1988,11.8
2800,9/1/1988,15.2
2801,9/2/1988,10
2802,9/3/1988,10.5
2803,9/4/1988,5.5
2804,9/5/1988,9.4
2805,9/6/1988,8.8
2806,9/7/1988,5.3
2807,9/8/1988,13
2808,9/9/1988,15.2
2809,9/10/1988,13.2
2810,9/11/1988,11.5
2811,9/12/1988,6.8
2812,9/13/1988,4.7
2813,9/14/1988,5.2
2814,9/15/1988,6.8
2815,9/16/1988,10.7
2816,9/17/1988,10.1
2817,9/18/1988,10
2818,9/19/1988,9.8
2819,9/20/1988,5.5
2820,9/21/1988,13.5
2821,9/22/1988,16.6
2822,9/23/1988,8.4
2823,9/24/1988,8.2
2824,9/25/1988,11.1
2825,9/26/1988,10.8
2826,9/27/1988,8.8
2827,9/28/1988,10.8
2828,9/29/1988,8.7
2829,9/30/1988,12.4
2830,10/1/1988,9
2831,10/2/1988,13.5
2832,10/3/1988,14.7
2833,10/4/1988,10.9
2834,10/5/1988,8.5
2835,10/6/1988,6
2836,10/7/1988,12.7
2837,10/8/1988,11.1
2838,10/9/1988,8.7
2839,10/10/1988,12.3
2840,10/11/1988,13.3
2841,10/12/1988,5.6
2842,10/13/1988,13.7
2843,10/14/1988,8.5
2844,10/15/1988,11.2
2845,10/16/1988,8.7
2846,10/17/1988,11.7
2847,10/18/1988,12.5
2848,10/19/1988,8.2
2849,10/20/1988,15.6
2850,10/21/1988,10.3
2851,10/22/1988,11.4
2852,10/23/1988,9.7
2853,10/24/1988,6.3
2854,10/25/1988,14.3
2855,10/26/1988,11.3
2856,10/27/1988,7.3
2857,10/28/1988,12.8
2858,10/29/1988,11.9
2859,10/30/1988,14.3
2860,10/31/1988,11.6
2861,11/1/1988,13.2
2862,11/2/1988,15.5
2863,11/3/1988,14.1
2864,11/4/1988,9.5
2865,11/5/1988,7.2
2866,11/6/1988,11.8
2867,11/7/1988,16.8
2868,11/8/1988,12.5
2869,11/9/1988,9.4
2870,11/10/1988,11.9
2871,11/11/1988,10.3
2872,11/12/1988,16.9
2873,11/13/1988,17.5
2874,11/14/1988,7.5
2875,11/15/1988,8.6
2876,11/16/1988,11.1
2877,11/17/1988,11.5
2878,11/18/1988,10.7
2879,11/19/1988,15.7
2880,11/20/1988,12.8
2881,11/21/1988,13
2882,11/22/1988,12.9
2883,11/23/1988,14.3
2884,11/24/1988,13.7
2885,11/25/1988,12.1
2886,11/26/1988,11.9
2887,11/27/1988,11.8
2888,11/28/1988,11.4
2889,11/29/1988,10.3
2890,11/30/1988,11.7
2891,12/1/1988,12
2892,12/2/1988,17.4
2893,12/3/1988,16.8
2894,12/4/1988,16.2
2895,12/5/1988,13
2896,12/6/1988,12.5
2897,12/7/1988,12.4
2898,12/8/1988,16.1
2899,12/9/1988,20.2
2900,12/10/1988,14.3
2901,12/11/1988,11
2902,12/12/1988,14.4
2903,12/13/1988,15.7
2904,12/14/1988,19.7
2905,12/15/1988,20.7
2906,12/16/1988,23.9
2907,12/17/1988,16.6
2908,12/18/1988,17.5
2909,12/19/1988,14.9
2910,12/20/1988,13.6
2911,12/21/1988,11.9
2912,12/22/1988,15.2
2913,12/23/1988,17.3
2914,12/24/1988,19.8
2915,12/25/1988,15.8
2916,12/26/1988,9.5
2917,12/27/1988,12.9
2918,12/28/1988,12.9
2919,12/29/1988,14.8
2920,12/30/1988,14.1
2921,1/1/1989,14.3
2922,1/2/1989,17.4
2923,1/3/1989,18.5
2924,1/4/1989,16.8
2925,1/5/1989,11.5
2926,1/6/1989,9.5
2927,1/7/1989,12.2
2928,1/8/1989,15.7
2929,1/9/1989,16.3
2930,1/10/1989,13.6
2931,1/11/1989,12.6
2932,1/12/1989,13.8
2933,1/13/1989,12.1
2934,1/14/1989,13.4
2935,1/15/1989,17.3
2936,1/16/1989,19.4
2937,1/17/1989,16.6
2938,1/18/1989,13.9
2939,1/19/1989,13.1
2940,1/20/1989,16
2941,1/21/1989,14.5
2942,1/22/1989,15
2943,1/23/1989,12.6
2944,1/24/1989,12.5
2945,1/25/1989,15.2
2946,1/26/1989,16.2
2947,1/27/1989,16.5
2948,1/28/1989,20.1
2949,1/29/1989,20.6
2950,1/30/1989,16.9
2951,1/31/1989,16.5
2952,2/1/1989,16.1
2953,2/2/1989,14.4
2954,2/3/1989,16.3
2955,2/4/1989,15.7
2956,2/5/1989,14.2
2957,2/6/1989,13.2
2958,2/7/1989,16.8
2959,2/8/1989,18.5
2960,2/9/1989,16.7
2961,2/10/1989,15.3
2962,2/11/1989,15.9
2963,2/12/1989,15.2
2964,2/13/1989,17.5
2965,2/14/1989,18.3
2966,2/15/1989,19.4
2967,2/16/1989,19.4
2968,2/17/1989,19.5
2969,2/18/1989,20.5
2970,2/19/1989,15.7
2971,2/20/1989,15
2972,2/21/1989,16.1
2973,2/22/1989,14.3
2974,2/23/1989,13
2975,2/24/1989,16.2
2976,2/25/1989,17.7
2977,2/26/1989,13.2
2978,2/27/1989,15.8
2979,2/28/1989,18.5
2980,3/1/1989,20.4
2981,3/2/1989,22
2982,3/3/1989,19.7
2983,3/4/1989,19.6
2984,3/5/1989,20.3
2985,3/6/1989,18.3
2986,3/7/1989,18.9
2987,3/8/1989,20.3
2988,3/9/1989,21.4
2989,3/10/1989,18.3
2990,3/11/1989,17.8
2991,3/12/1989,17.7
2992,3/13/1989,12.8
2993,3/14/1989,15.1
2994,3/15/1989,15
2995,3/16/1989,14.8
2996,3/17/1989,12
2997,3/18/1989,12.5
2998,3/19/1989,15
2999,3/20/1989,17.1
3000,3/21/1989,17.3
3001,3/22/1989,16.9
3002,3/23/1989,16.5
3003,3/24/1989,13.6
3004,3/25/1989,13.2
3005,3/26/1989,9.4
3006,3/27/1989,9.5
3007,3/28/1989,11.8
3008,3/29/1989,10.4
3009,3/30/1989,9.7
3010,3/31/1989,12.6
3011,4/1/1989,13.3
3012,4/2/1989,15.1
3013,4/3/1989,14.2
3014,4/4/1989,14.2
3015,4/5/1989,19.2
3016,4/6/1989,12.6
3017,4/7/1989,14.2
3018,4/8/1989,11.9
3019,4/9/1989,13.9
3020,4/10/1989,13.5
3021,4/11/1989,15.3
3022,4/12/1989,13.9
3023,4/13/1989,14
3024,4/14/1989,12.9
3025,4/15/1989,8.5
3026,4/16/1989,11.4
3027,4/17/1989,10.9
3028,4/18/1989,12
3029,4/19/1989,8.6
3030,4/20/1989,9
3031,4/21/1989,9.6
3032,4/22/1989,10.2
3033,4/23/1989,9.8
3034,4/24/1989,8.3
3035,4/25/1989,11
3036,4/26/1989,11.9
3037,4/27/1989,14
3038,4/28/1989,15.8
3039,4/29/1989,14.5
3040,4/30/1989,13.2
3041,5/1/1989,14.2
3042,5/2/1989,14.6
3043,5/3/1989,11.8
3044,5/4/1989,14.4
3045,5/5/1989,10.4
3046,5/6/1989,10.3
3047,5/7/1989,10.8
3048,5/8/1989,10.5
3049,5/9/1989,9.5
3050,5/10/1989,12.5
3051,5/11/1989,13.7
3052,5/12/1989,12.7
3053,5/13/1989,11.9
3054,5/14/1989,11.4
3055,5/15/1989,9.7
3056,5/16/1989,8.3
3057,5/17/1989,8.1
3058,5/18/1989,11.7
3059,5/19/1989,11.6
3060,5/20/1989,7.4
3061,5/21/1989,5.2
3062,5/22/1989,11
3063,5/23/1989,9.5
3064,5/24/1989,9.2
3065,5/25/1989,10.7
3066,5/26/1989,9
3067,5/27/1989,10.2
3068,5/28/1989,10.3
3069,5/29/1989,12.1
3070,5/30/1989,13.2
3071,5/31/1989,6.6
3072,6/1/1989,2.3
3073,6/2/1989,1.4
3074,6/3/1989,2.1
3075,6/4/1989,6.6
3076,6/5/1989,8.9
3077,6/6/1989,7.8
3078,6/7/1989,9
3079,6/8/1989,10.3
3080,6/9/1989,7.9
3081,6/10/1989,7.2
3082,6/11/1989,8.6
3083,6/12/1989,8.8
3084,6/13/1989,6.2
3085,6/14/1989,9.5
3086,6/15/1989,10.2
3087,6/16/1989,9.7
3088,6/17/1989,11.2
3089,6/18/1989,10.2
3090,6/19/1989,10.1
3091,6/20/1989,8.1
3092,6/21/1989,6.6
3093,6/22/1989,5
3094,6/23/1989,4.7
3095,6/24/1989,5.3
3096,6/25/1989,4.5
3097,6/26/1989,2.3
3098,6/27/1989,1.4
3099,6/28/1989,0.5
3100,6/29/1989,2.4
3101,6/30/1989,8
3102,7/1/1989,6
3103,7/2/1989,7.1
3104,7/3/1989,9.7
3105,7/4/1989,6.9
3106,7/5/1989,5.3
3107,7/6/1989,7
3108,7/7/1989,6.2
3109,7/8/1989,7
3110,7/9/1989,9.7
3111,7/10/1989,8
3112,7/11/1989,8.5
3113,7/12/1989,7.1
3114,7/13/1989,7.5
3115,7/14/1989,3.3
3116,7/15/1989,1.8
3117,7/16/1989,2.6
3118,7/17/1989,5.3
3119,7/18/1989,5.8
3120,7/19/1989,5.8
3121,7/20/1989,7.2
3122,7/21/1989,5.3
3123,7/22/1989,1.6
3124,7/23/1989,3.1
3125,7/24/1989,5.3
3126,7/25/1989,7.7
3127,7/26/1989,4.2
3128,7/27/1989,5.5
3129,7/28/1989,9
3130,7/29/1989,11.2
3131,7/30/1989,8
3132,7/31/1989,7.6
3133,8/1/1989,3.7
3134,8/2/1989,7.5
3135,8/3/1989,8.1
3136,8/4/1989,8.4
3137,8/5/1989,7.1
3138,8/6/1989,7.6
3139,8/7/1989,7.6
3140,8/8/1989,5.6
3141,8/9/1989,7
3142,8/10/1989,10.5
3143,8/11/1989,7.3
3144,8/12/1989,7.8
3145,8/13/1989,5.8
3146,8/14/1989,3.8
3147,8/15/1989,5.8
3148,8/16/1989,6.7
3149,8/17/1989,6.6
3150,8/18/1989,6.6
3151,8/19/1989,9
3152,8/20/1989,8.1
3153,8/21/1989,5.1
3154,8/22/1989,8.6
3155,8/23/1989,7
3156,8/24/1989,5.5
3157,8/25/1989,7.4
3158,8/26/1989,6.2
3159,8/27/1989,4.2
3160,8/28/1989,6.3
3161,8/29/1989,7
3162,8/30/1989,4
3163,8/31/1989,8
3164,9/1/1989,8.8
3165,9/2/1989,8.8
3166,9/3/1989,6.1
3167,9/4/1989,8.6
3168,9/5/1989,8.9
3169,9/6/1989,7.8
3170,9/7/1989,5
3171,9/8/1989,7
3172,9/9/1989,13.3
3173,9/10/1989,7.9
3174,9/11/1989,7.5
3175,9/12/1989,8.3
3176,9/13/1989,7.2
3177,9/14/1989,6.5
3178,9/15/1989,8.9
3179,9/16/1989,7.4
3180,9/17/1989,9.9
3181,9/18/1989,9.3
3182,9/19/1989,10.6
3183,9/20/1989,8.6
3184,9/21/1989,7.2
3185,9/22/1989,12.6
3186,9/23/1989,7.8
3187,9/24/1989,6.3
3188,9/25/1989,9.2
3189,9/26/1989,5.8
3190,9/27/1989,9
3191,9/28/1989,5
3192,9/29/1989,11.9
3193,9/30/1989,13.4
3194,10/1/1989,10.5
3195,10/2/1989,6.2
3196,10/3/1989,5.1
3197,10/4/1989,9.5
3198,10/5/1989,11.7
3199,10/6/1989,9.2
3200,10/7/1989,7.3
3201,10/8/1989,9.7
3202,10/9/1989,9.4
3203,10/10/1989,10
3204,10/11/1989,10.9
3205,10/12/1989,11
3206,10/13/1989,10.9
3207,10/14/1989,8
3208,10/15/1989,11.2
3209,10/16/1989,7.5
3210,10/17/1989,7.2
3211,10/18/1989,13.2
3212,10/19/1989,12.9
3213,10/20/1989,9.4
3214,10/21/1989,10.2
3215,10/22/1989,9.5
3216,10/23/1989,12.4
3217,10/24/1989,10.2
3218,10/25/1989,13.4
3219,10/26/1989,11.6
3220,10/27/1989,8
3221,10/28/1989,9
3222,10/29/1989,9.3
3223,10/30/1989,13.5
3224,10/31/1989,8
3225,11/1/1989,8.1
3226,11/2/1989,10
3227,11/3/1989,8.5
3228,11/4/1989,12.5
3229,11/5/1989,15
3230,11/6/1989,13.3
3231,11/7/1989,11
3232,11/8/1989,11.9
3233,11/9/1989,8.3
3234,11/10/1989,9.7
3235,11/11/1989,11.3
3236,11/12/1989,12.5
3237,11/13/1989,9.4
3238,11/14/1989,11.4
3239,11/15/1989,13.2
3240,11/16/1989,13.8
3241,11/17/1989,16
3242,11/18/1989,10.9
3243,11/19/1989,11.9
3244,11/20/1989,12.4
3245,11/21/1989,13.2
3246,11/22/1989,15.5
3247,11/23/1989,21.6
3248,11/24/1989,14.9
3249,11/25/1989,14.4
3250,11/26/1989,12.9
3251,11/27/1989,13.1
3252,11/28/1989,14
3253,11/29/1989,17.9
3254,11/30/1989,17.7
3255,12/1/1989,16.3
3256,12/2/1989,18.3
3257,12/3/1989,13.7
3258,12/4/1989,13.3
3259,12/5/1989,10.6
3260,12/6/1989,14.1
3261,12/7/1989,16
3262,12/8/1989,16.5
3263,12/9/1989,14.1
3264,12/10/1989,18.7
3265,12/11/1989,16.2
3266,12/12/1989,14.8
3267,12/13/1989,12.6
3268,12/14/1989,10.4
3269,12/15/1989,12.2
3270,12/16/1989,12.6
3271,12/17/1989,12.1
3272,12/18/1989,17.3
3273,12/19/1989,16.4
3274,12/20/1989,12.6
3275,12/21/1989,12.3
3276,12/22/1989,11.8
3277,12/23/1989,12
3278,12/24/1989,12.7
3279,12/25/1989,16.4
3280,12/26/1989,16
3281,12/27/1989,13.3
3282,12/28/1989,11.7
3283,12/29/1989,10.4
3284,12/30/1989,14.4
3285,12/31/1989,12.7
3286,1/1/1990,14.8
3287,1/2/1990,13.3
3288,1/3/1990,15.6
3289,1/4/1990,14.5
3290,1/5/1990,14.3
3291,1/6/1990,15.3
3292,1/7/1990,16.4
3293,1/8/1990,14.8
3294,1/9/1990,17.4
3295,1/10/1990,18.8
3296,1/11/1990,22.1
3297,1/12/1990,19
3298,1/13/1990,15.5
3299,1/14/1990,15.8
3300,1/15/1990,14.7
3301,1/16/1990,10.7
3302,1/17/1990,11.5
3303,1/18/1990,15
3304,1/19/1990,14.5
3305,1/20/1990,14.5
3306,1/21/1990,13.3
3307,1/22/1990,14.3
3308,1/23/1990,14.3
3309,1/24/1990,20.5
3310,1/25/1990,15
3311,1/26/1990,17.1
3312,1/27/1990,16.9
3313,1/28/1990,16.9
3314,1/29/1990,13.6
3315,1/30/1990,16.4
3316,1/31/1990,16.1
3317,2/1/1990,12
3318,2/2/1990,12.2
3319,2/3/1990,14.8
3320,2/4/1990,14.8
3321,2/5/1990,14.4
3322,2/6/1990,12.9
3323,2/7/1990,13.4
3324,2/8/1990,15.9
3325,2/9/1990,16.1
3326,2/10/1990,17.6
3327,2/11/1990,15.6
3328,2/12/1990,15
3329,2/13/1990,13
3330,2/14/1990,14.1
3331,2/15/1990,17.3
3332,2/16/1990,15.7
3333,2/17/1990,18.6
3334,2/18/1990,12.7
3335,2/19/1990,14
3336,2/20/1990,13.7
3337,2/21/1990,16.3
3338,2/22/1990,20
3339,2/23/1990,17
3340,2/24/1990,15.2
3341,2/25/1990,16.5
3342,2/26/1990,16.5
3343,2/27/1990,17.3
3344,2/28/1990,19.1
3345,3/1/1990,19.3
3346,3/2/1990,17.3
3347,3/3/1990,19
3348,3/4/1990,19.8
3349,3/5/1990,19.3
3350,3/6/1990,17.2
3351,3/7/1990,14.2
3352,3/8/1990,10.3
3353,3/9/1990,13
3354,3/10/1990,15.3
3355,3/11/1990,15
3356,3/12/1990,12.1
3357,3/13/1990,9.2
3358,3/14/1990,11
3359,3/15/1990,15
3360,3/16/1990,11.6
3361,3/17/1990,11.6
3362,3/18/1990,15.1
3363,3/19/1990,15
3364,3/20/1990,13.6
3365,3/21/1990,12.5
3366,3/22/1990,14.3
3367,3/23/1990,16
3368,3/24/1990,17.4
3369,3/25/1990,16.9
3370,3/26/1990,18
3371,3/27/1990,20.6
3372,3/28/1990,14.2
3373,3/29/1990,10.9
3374,3/30/1990,11.9
3375,3/31/1990,13.3
3376,4/1/1990,15.3
3377,4/2/1990,14.7
3378,4/3/1990,11
3379,4/4/1990,12.2
3380,4/5/1990,14.2
3381,4/6/1990,17
3382,4/7/1990,15.8
3383,4/8/1990,15.2
3384,4/9/1990,15.1
3385,4/10/1990,14.7
3386,4/11/1990,18.5
3387,4/12/1990,16.4
3388,4/13/1990,18.4
3389,4/14/1990,15.1
3390,4/15/1990,9.9
3391,4/16/1990,10.2
3392,4/17/1990,12.6
3393,4/18/1990,13.2
3394,4/19/1990,11.5
3395,4/20/1990,13.8
3396,4/21/1990,14.5
3397,4/22/1990,14.7
3398,4/23/1990,11.2
3399,4/24/1990,12.7
3400,4/25/1990,13.7
3401,4/26/1990,11.5
3402,4/27/1990,10.4
3403,4/28/1990,8.9
3404,4/29/1990,11.1
3405,4/30/1990,9.5
3406,5/1/1990,13
3407,5/2/1990,13.9
3408,5/3/1990,12.6
3409,5/4/1990,14.3
3410,5/5/1990,16
3411,5/6/1990,13.3
3412,5/7/1990,7
3413,5/8/1990,4.9
3414,5/9/1990,6.9
3415,5/10/1990,13.7
3416,5/11/1990,10.6
3417,5/12/1990,12.3
3418,5/13/1990,11.1
3419,5/14/1990,10.2
3420,5/15/1990,9.5
3421,5/16/1990,8.9
3422,5/17/1990,13.4
3423,5/18/1990,9.1
3424,5/19/1990,9.4
3425,5/20/1990,8.7
3426,5/21/1990,5.8
3427,5/22/1990,4.5
3428,5/23/1990,7.2
3429,5/24/1990,10
3430,5/25/1990,10.5
3431,5/26/1990,10.7
3432,5/27/1990,8.2
3433,5/28/1990,6.1
3434,5/29/1990,4.5
3435,5/30/1990,6.1
3436,5/31/1990,9.8
3437,6/1/1990,9.7
3438,6/2/1990,8.2
3439,6/3/1990,8.4
3440,6/4/1990,8.5
3441,6/5/1990,10.4
3442,6/6/1990,6.8
3443,6/7/1990,6
3444,6/8/1990,6.6
3445,6/9/1990,7.8
3446,6/10/1990,10.3
3447,6/11/1990,7.2
3448,6/12/1990,7.4
3449,6/13/1990,11.4
3450,6/14/1990,5.4
3451,6/15/1990,4.4
3452,6/16/1990,6.4
3453,6/17/1990,9.3
3454,6/18/1990,7.7
3455,6/19/1990,8.1
3456,6/20/1990,8.3
3457,6/21/1990,9.1
3458,6/22/1990,7.7
3459,6/23/1990,10.6
3460,6/24/1990,8.2
3461,6/25/1990,7.9
3462,6/26/1990,5.2
3463,6/27/1990,5.9
3464,6/28/1990,3.7
3465,6/29/1990,5.6
3466,6/30/1990,9.4
3467,7/1/1990,7.4
3468,7/2/1990,7.3
3469,7/3/1990,7.7
3470,7/4/1990,7.7
3471,7/5/1990,9.3
3472,7/6/1990,4.4
3473,7/7/1990,5.7
3474,7/8/1990,10.2
3475,7/9/1990,10.2
3476,7/10/1990,9.3
3477,7/11/1990,5.4
3478,7/12/1990,5
3479,7/13/1990,7.6
3480,7/14/1990,9.6
3481,7/15/1990,10.4
3482,7/16/1990,11.2
3483,7/17/1990,9.1
3484,7/18/1990,11.2
3485,7/19/1990,6.8
3486,7/20/1990,8.3
3487,7/21/1990,9.7
3488,7/22/1990,9.6
3489,7/23/1990,9.8
3490,7/24/1990,10.8
3491,7/25/1990,9.2
3492,7/26/1990,6.5
3493,7/27/1990,8.1
3494,7/28/1990,7.3
3495,7/29/1990,7.9
3496,7/30/1990,6
3497,7/31/1990,5
3498,8/1/1990,6.8
3499,8/2/1990,9.8
3500,8/3/1990,5.7
3501,8/4/1990,8.6
3502,8/5/1990,10.6
3503,8/6/1990,7.8
3504,8/7/1990,7.7
3505,8/8/1990,8.6
3506,8/9/1990,6.5
3507,8/10/1990,6.9
3508,8/11/1990,6.4
3509,8/12/1990,8.5
3510,8/13/1990,7.8
3511,8/14/1990,9.3
3512,8/15/1990,8.4
3513,8/16/1990,7.8
3514,8/17/1990,7.4
3515,8/18/1990,7.7
3516,8/19/1990,8.9
3517,8/20/1990,9.7
3518,8/21/1990,9.9
3519,8/22/1990,6.1
3520,8/23/1990,6.6
3521,8/24/1990,7.6
3522,8/25/1990,7.4
3523,8/26/1990,8
3524,8/27/1990,2.1
3525,8/28/1990,5.9
3526,8/29/1990,11.6
3527,8/30/1990,8.6
3528,8/31/1990,7.9
3529,9/1/1990,6
3530,9/2/1990,9.5
3531,9/3/1990,8.6
3532,9/4/1990,7.6
3533,9/5/1990,10.4
3534,9/6/1990,10.3
3535,9/7/1990,7.5
3536,9/8/1990,3
3537,9/9/1990,5.3
3538,9/10/1990,10.5
3539,9/11/1990,14.6
3540,9/12/1990,12.6
3541,9/13/1990,9.8
3542,9/14/1990,7.2
3543,9/15/1990,10.1
3544,9/16/1990,10.4
3545,9/17/1990,3.7
3546,9/18/1990,7.3
3547,9/19/1990,11.6
3548,9/20/1990,16.3
3549,9/21/1990,9.6
3550,9/22/1990,6.8
3551,9/23/1990,5.2
3552,9/24/1990,10.6
3553,9/25/1990,16.3
3554,9/26/1990,9.8
3555,9/27/1990,4.6
3556,9/28/1990,11.1
3557,9/29/1990,8.7
3558,9/30/1990,10
3559,10/1/1990,11.3
3560,10/2/1990,10.5
3561,10/3/1990,9.9
3562,10/4/1990,11
3563,10/5/1990,14
3564,10/6/1990,9.2
3565,10/7/1990,9.8
3566,10/8/1990,6
3567,10/9/1990,9.8
3568,10/10/1990,9.2
3569,10/11/1990,11.8
3570,10/12/1990,10.3
3571,10/13/1990,7.5
3572,10/14/1990,7.7
3573,10/15/1990,15.8
3574,10/16/1990,14.6
3575,10/17/1990,10.5
3576,10/18/1990,11.3
3577,10/19/1990,10.9
3578,10/20/1990,6.4
3579,10/21/1990,10.9
3580,10/22/1990,9
3581,10/23/1990,10.9
3582,10/24/1990,12.4
3583,10/25/1990,11.6
3584,10/26/1990,13.3
3585,10/27/1990,14.4
3586,10/28/1990,18.4
3587,10/29/1990,13.6
3588,10/30/1990,14.9
3589,10/31/1990,14.8
3590,11/1/1990,15.4
3591,11/2/1990,11.8
3592,11/3/1990,13
3593,11/4/1990,11.1
3594,11/5/1990,12.5
3595,11/6/1990,18.3
3596,11/7/1990,19.2
3597,11/8/1990,15.4
3598,11/9/1990,13.1
3599,11/10/1990,11.5
3600,11/11/1990,8.6
3601,11/12/1990,12.6
3602,11/13/1990,13.8
3603,11/14/1990,14.6
3604,11/15/1990,13.2
3605,11/16/1990,12.3
3606,11/17/1990,8.8
3607,11/18/1990,10.7
3608,11/19/1990,9.9
3609,11/20/1990,8.3
3610,11/21/1990,15
3611,11/22/1990,12.2
3612,11/23/1990,10.5
3613,11/24/1990,11.1
3614,11/25/1990,13
3615,11/26/1990,12.9
3616,11/27/1990,8.8
3617,11/28/1990,14.7
3618,11/29/1990,14.7
3619,11/30/1990,12.7
3620,12/1/1990,13.3
3621,12/2/1990,13.2
3622,12/3/1990,16.2
3623,12/4/1990,17.3
3624,12/5/1990,20.5
3625,12/6/1990,20.2
3626,12/7/1990,19.4
3627,12/8/1990,15.5
3628,12/9/1990,14.1
3629,12/10/1990,11
3630,12/11/1990,11.1
3631,12/12/1990,14
3632,12/13/1990,11.4
3633,12/14/1990,12.5
3634,12/15/1990,13.4
3635,12/16/1990,13.6
3636,12/17/1990,13.9
3637,12/18/1990,17.2
3638,12/19/1990,14.7
3639,12/20/1990,15.4
3640,12/21/1990,13.1
3641,12/22/1990,13.2
3642,12/23/1990,13.9
3643,12/24/1990,10
3644,12/25/1990,12.9
3645,12/26/1990,14.6
3646,12/27/1990,14
3647,12/28/1990,13.6
3648,12/29/1990,13.5
3649,12/30/1990,15.7
3650,12/31/1990,13
